proprietaireId,host_name,host_since,host_response_time,host_response_rate,host_acceptance_rate,host_is_superhost
10014839,Timothy,2013-11-14,within a day,100%,100%,f
1002255,John,2011-08-21,within a day,100%,100%,f
10058153,Paula,2013-11-16,within an hour,100%,100%,f
1007123,Ellen,2011-08-22,within a day,100%,100%,f
10100985,Tyler,2013-11-18,within a day,75%,100%,f
10104021,Jiang,2013-11-18,within an hour,80%,100%,t
1015653,David,2011-08-24,within a few hours,90%,100%,f
10194168,Hollis,2013-11-22,within an hour,100%,100%,t
10220435,Jane & Roey,2013-11-24,within an hour,100%,100%,f
1022302,David,2011-08-26,within an hour,100%,100%,f
10235544,Skip (Aka Scott),2013-11-24,within an hour,100%,100%,f
10260570,Adrian,2013-11-25,within a few hours,83%,100%,f
102684,Amanda,2010-04-02,within a few hours,94%,100%,t
10371342,Rick,2013-12-01,within a few hours,70%,100%,f
10385963,Trish And Patrick,2013-12-02,within a few hours,100%,100%,t
1039322,Manomi,2011-08-30,within a few hours,100%,100%,f
10397429,Chris,2013-12-03,within a few hours,80%,100%,f
10397663,Dea,2013-12-03,within an hour,100%,100%,f
10421063,Darren,2013-12-04,within a day,100%,100%,f
10437300,Paul,2013-12-04,within a few hours,100%,100%,t
10534771,Lisa,2013-12-09,within an hour,100%,100%,t
10553813,Erin,2013-12-10,within a few hours,100%,100%,f
10556219,Danielle,2013-12-10,within a day,80%,100%,f
10594158,Mimi,2013-12-12,within an hour,100%,100%,f
10607280,Jay,2013-12-13,within an hour,100%,100%,f
10657225,Joan,2013-12-16,within a few hours,100%,100%,f
106721,Paula,2010-04-11,within a few hours,100%,100%,f
106972,Kelly,2010-04-11,within an hour,100%,100%,f
107542,Arthur,2010-04-12,within an hour,100%,100%,f
107605,Al,2010-04-12,within a few hours,80%,100%,f
10764824,Lily,2013-12-22,within an hour,100%,100%,t
10809449,Josh,2013-12-25,within a day,80%,100%,f
10853410,Peter,2013-12-27,within a day,100%,100%,f
10874606,Kate,2013-12-28,within a few hours,100%,100%,t
10877293,Brandon,2013-12-28,within a few hours,100%,100%,f
10918906,Eric,2013-12-30,within an hour,100%,100%,f
10936741,Barbara,2014-01-01,within an hour,100%,100%,f
10944157,Sebastian,2014-01-01,within an hour,93%,100%,f
10952315,Camille,2014-01-01,within an hour,100%,100%,t
10952526,Terry & Kate,2014-01-01,within a day,90%,100%,f
10969315,Karin,2014-01-02,within an hour,100%,100%,f
10977007,Michelle,2014-01-02,a few days or more,40%,100%,f
10996259,Benjamin,2014-01-03,within a day,50%,100%,f
1100212,Maria C.,2011-09-02,within a few hours,100%,100%,f
110248,Jamilah,2010-04-18,within an hour,100%,100%,f
1102542,Naureen & Shehryar,2011-09-02,within an hour,100%,100%,f
11027707,Anna,2014-01-05,within an hour,100%,100%,f
11039803,Denise,2014-01-05,within an hour,100%,100%,f
11058653,David And Amelia,2014-01-06,within an hour,100%,100%,f
1107424,Pamela,2011-09-04,within a day,57%,100%,f
11186435,Luyan,2014-01-10,within a few hours,60%,100%,f
11194155,Brooke,2014-01-11,within an hour,100%,100%,f
11206862,Tammi,2014-01-11,within an hour,100%,100%,t
112093,Roberta & Dan,2010-04-21,within an hour,100%,100%,t
11236752,Susan,2014-01-12,within a few hours,100%,100%,t
11238188,Jodi-Ann,2014-01-12,within an hour,100%,100%,f
11245279,Jason,2014-01-12,within a day,67%,100%,f
11268592,Mike,2014-01-13,within an hour,100%,100%,f
11279708,Conan,2014-01-13,within a few hours,100%,100%,f
1135188,Samantha,2011-09-09,within a few hours,100%,100%,f
11358129,Clint,2014-01-16,within a few hours,100%,100%,t
11401309,Travis,2014-01-17,within a day,100%,100%,f
11402413,Jonathan,2014-01-17,within a day,100%,100%,t
1142416,Charles,2011-09-11,within an hour,100%,100%,f
1144724,Rachel,2011-09-12,within an hour,100%,100%,f
1146836,Mona,2011-09-12,within a day,70%,100%,t
1149264,Marc,2011-09-12,within a day,100%,100%,f
11521444,Dan,2014-01-21,within a few hours,100%,100%,f
11530062,Nikki,2014-01-22,within a day,100%,100%,f
11543719,Sharan,2014-01-22,within an hour,100%,100%,f
1154803,Kelly,2011-09-13,within an hour,100%,100%,f
11580391,Shawn,2014-01-23,within an hour,100%,100%,t
11582791,Adam,2014-01-23,within a day,60%,100%,f
11583055,Mr. Larry,2014-01-23,within an hour,100%,100%,f
11587678,Sheila,2014-01-23,within a few hours,90%,100%,t
11600938,Brian And Kylie,2014-01-24,within an hour,100%,100%,t
11604512,Helen,2015-07-15,within a day,100%,100%,t
11610220,Jack And Kate,2014-01-24,within an hour,100%,100%,f
11610447,Thomas,2014-01-24,within a few hours,87%,100%,f
11653525,Natasha,2014-01-26,within a few hours,100%,100%,f
1169181,Steve,2011-09-16,within a few hours,100%,100%,f
11698717,Sam,2014-01-27,within an hour,100%,100%,f
11737076,Donna,2014-01-28,within an hour,100%,100%,f
11769189,Joshua,2014-01-29,within a day,90%,100%,t
11775,Andrew,2009-03-30,within a few hours,100%,100%,f
11792289,Michelle & Mark,2014-01-30,within an hour,100%,100%,f
1183674,Lisa,2011-09-20,within a day,100%,100%,f
1183679,Meredith,2011-09-20,within a few hours,100%,100%,f
11847918,Ryan,2014-02-01,within a few hours,100%,100%,f
11853720,Kristin,2014-02-01,within an hour,100%,100%,f
1187351,Michael,2011-09-20,within an hour,100%,100%,t
11949338,Laila & Luke,2014-02-04,within an hour,100%,100%,f
11962516,Andrew,2014-02-05,within a day,50%,100%,t
11972863,Sandy,2014-02-05,within an hour,90%,100%,f
119809,Weisi,2010-05-07,a few days or more,40%,100%,f
11981534,Joy,2014-02-05,within an hour,100%,100%,t
11984004,Molly,2014-02-06,within a few hours,100%,100%,f
1201633,Wayne,2011-09-23,within an hour,100%,100%,f
12033608,Richard,2014-02-07,within an hour,100%,100%,f
12036205,Sara,2014-02-07,within a day,100%,100%,f
1204406,Mariel,2011-09-24,within an hour,100%,100%,f
12086787,Marcus & Lara,2014-02-09,within an hour,100%,100%,t
1210993,John,2011-09-26,within a day,100%,100%,f
12166833,Monika,2014-02-12,within an hour,100%,100%,f
12171359,Diane,2014-02-12,within an hour,100%,100%,t
1230087,Megan,2011-09-30,within a few hours,100%,100%,f
12328574,Mallory,2014-02-17,a few days or more,40%,100%,f
12342766,Mardi,2014-02-18,within a few hours,100%,100%,f
12356916,Tiffany,2014-02-18,within an hour,100%,100%,f
12367587,Tom,2014-02-18,within an hour,100%,100%,f
1237248,Elise,2011-10-02,within an hour,100%,100%,f
12393299,Heather,2014-02-19,within a day,100%,100%,f
12483454,Kelly,2014-02-22,within an hour,100%,100%,t
12503146,Alan,2014-02-23,within a few hours,100%,100%,f
12520715,Tom,2014-02-24,within a day,100%,100%,f
1252862,Jay,2011-10-05,within a few hours,100%,100%,t
12575330,Megan,2014-02-25,within a few hours,100%,100%,t
12590022,Justin,2014-02-26,within an hour,100%,100%,f
12621051,Andrea,2014-02-26,within a few hours,90%,100%,f
1262470,Yaicha & Robert,2011-10-08,within a few hours,100%,100%,t
12648641,Jamie,2014-02-27,within a day,50%,100%,f
12657870,Robert,2014-02-28,within a few hours,100%,100%,f
12683237,Nicole,2014-03-01,within an hour,100%,100%,f
12693172,Laura & Peter,2014-03-01,within a few hours,90%,100%,t
12736784,John,2014-03-02,within an hour,100%,100%,t
12737162,Ciara,2014-03-02,within an hour,100%,100%,f
1276476,Roberto,2011-10-11,within a few hours,100%,100%,f
12806968,Angelica,2014-03-04,within an hour,100%,100%,t
1282652,Amanda,2011-10-12,within a day,50%,100%,f
12832332,Kara,2014-03-05,within an hour,100%,100%,f
12850769,Jessica,2014-03-06,within an hour,100%,100%,t
12867960,Maureen,2014-03-06,within a day,90%,100%,f
12878312,Sarah,2014-03-06,within a day,50%,100%,f
12882903,Teresa,2015-11-13,within an hour,100%,100%,f
12901367,Devon,2014-03-07,within a day,100%,100%,f
12903370,Robin,2014-03-07,within a day,100%,100%,f
12905845,Amie,2014-03-07,within a few hours,100%,100%,f
12913415,Michelle,2014-03-08,within an hour,100%,100%,t
12934911,Damon,2014-03-08,within a few hours,100%,100%,f
12935059,Suzanne,2014-03-08,within a day,100%,100%,f
12951431,Michael,2014-03-09,within an hour,100%,100%,f
12967352,Meghan,2014-03-09,within an hour,100%,100%,f
12973318,Philip,2014-03-10,within an hour,100%,100%,t
13004337,Joe & Shannon,2014-03-10,within an hour,100%,100%,t
1300775,Tatyana,2011-10-17,within a few hours,100%,100%,f
1303314,Dan + Suzanne,2011-10-17,within a day,100%,100%,f
13042181,Kim,2014-03-11,within an hour,100%,100%,f
1304769,Lilia,2011-10-17,within an hour,100%,100%,f
13158974,Tim & Ryan,2014-03-15,within a few hours,89%,100%,t
13166405,Philip,2014-03-15,within an hour,100%,100%,f
1319017,Pj,2011-10-21,within a day,67%,100%,f
13200012,Randy,2014-03-16,within a few hours,100%,100%,f
1324474,Christen,2011-10-23,within an hour,100%,100%,f
13266307,David,2014-03-18,within a few hours,88%,100%,f
13267774,Jessica,2014-03-18,a few days or more,38%,100%,f
1336214,Kim,2011-10-26,within a few hours,100%,100%,t
1340339,Anne,2011-10-27,within an hour,100%,100%,t
1340738,Elisa,2011-10-27,within an hour,100%,100%,f
13407781,Elizabeth & Tyanne,2014-03-22,within an hour,100%,100%,t
13424313,Magnhild,2014-03-22,within a few hours,83%,100%,f
1343908,Martin,2011-10-27,within a few hours,100%,100%,f
1346749,April,2011-10-28,within a few hours,75%,100%,f
13508145,Anna,2014-03-25,a few days or more,30%,100%,f
1363490,Mireya,2011-11-02,within an hour,100%,100%,f
13643895,Jodi,2014-03-28,within an hour,100%,100%,f
13697241,Bonnie,2014-03-30,within an hour,100%,100%,t
13703145,Leslie,2014-03-30,within a few hours,100%,100%,f
1375021,Charlotte & Larry,2011-11-06,within an hour,100%,100%,t
13752921,Traci,2014-03-31,within a few hours,90%,100%,f
13757387,Mary,2014-03-31,within a few hours,86%,100%,f
13759287,Ed/Gretchen,2014-04-01,within an hour,100%,100%,t
13774169,Peach,2014-04-01,within a few hours,100%,100%,t
13782718,Mark,2014-04-01,within a few hours,100%,100%,f
13784525,Michael,2014-04-01,within an hour,81%,100%,f
13786376,Manuela,2014-04-01,within an hour,100%,100%,t
1379138,Rachel,2011-11-07,within an hour,100%,100%,f
13796401,Barbara & Bill,2014-04-01,within an hour,100%,100%,t
1382401,Jee Young,2011-11-07,within an hour,100%,100%,f
13870400,Jim,2015-09-14,within an hour,100%,100%,f
1387754,Monika,2011-11-09,within a day,100%,100%,t
13959773,Rose Michelle,2014-04-06,within an hour,100%,100%,t
1396743,Tiffany,2011-11-11,within a few hours,90%,100%,f
1397063,Rita,2011-11-11,within a few hours,100%,100%,f
13976883,Pauline,2014-04-06,within an hour,100%,100%,f
14004230,Corey & Bethanie,2014-04-07,within a few hours,100%,100%,t
14012754,Lara,2014-04-07,within an hour,100%,100%,t
14015217,Lc,2014-04-07,within a few hours,83%,100%,f
14049461,Philip,2014-04-08,within an hour,100%,100%,f
14057208,Houssam,2014-04-08,within a few hours,100%,100%,t
14090176,Lisa,2014-04-09,within a few hours,100%,100%,t
14098675,Alison,2014-04-09,within a few hours,83%,100%,f
14099568,Matthew,2014-04-09,within an hour,100%,100%,f
14100483,Annie,2014-04-09,within a few hours,100%,100%,f
14127360,Anne & Kelly,2014-04-10,within an hour,100%,100%,f
14128353,Heidi,2014-04-10,within a few hours,100%,100%,t
14138534,Jill,2014-04-10,within a few hours,100%,100%,t
14140094,Liz,2014-04-10,within an hour,100%,100%,f
14196478,Rick,2014-04-12,within a few hours,100%,100%,f
14342573,Karen,2014-04-15,within a day,100%,100%,f
14343317,Lacy,2014-04-16,within a day,86%,100%,f
14345711,Meg,2014-04-16,within a few hours,100%,100%,f
1436798,Talitha,2011-11-23,within a few hours,100%,100%,f
14370535,Shanelle,2014-04-16,within an hour,83%,100%,f
14372052,Kathleen,2014-04-16,within an hour,100%,100%,t
14379739,Jaimee,2014-04-16,within an hour,100%,100%,f
14386120,John,2014-04-17,within a day,50%,100%,f
14387226,Sarah,2015-08-03,within an hour,100%,100%,f
14418694,Geoffrey,2014-04-17,within an hour,100%,100%,t
14441471,Lizbeth,2014-04-18,within a day,100%,100%,f
14446306,Derek,2014-04-18,within an hour,100%,100%,t
14540599,Gus,2014-04-21,within an hour,100%,100%,f
14549389,Lucy,2014-04-21,within a few hours,100%,100%,f
14569119,Michelle & Mark,2014-04-22,a few days or more,33%,100%,f
14589190,Kaitlyn,2014-04-22,within an hour,100%,100%,f
14595660,Phillip,2014-04-22,within a day,90%,100%,f
14649444,Mike,2014-04-23,within a day,50%,100%,t
1466280,Ane,2011-12-02,within a few hours,100%,100%,f
14683624,Emily,2014-04-24,within a few hours,78%,100%,f
1478274,David,2011-12-06,within an hour,98%,100%,f
14891735,Bryce,2014-04-29,within a day,56%,100%,f
14898710,Molly,2014-04-29,within a day,70%,100%,f
14926558,Sarah And Katie,2014-04-30,within an hour,100%,100%,f
14943694,Arnaud,2014-04-30,within a day,90%,100%,f
14976127,Bryce,2014-05-01,within a day,100%,100%,f
15056324,Maria,2014-05-03,within an hour,100%,100%,t
15060327,Rose,2014-05-03,within a few hours,100%,100%,f
15060417,Ginny,2014-05-03,within an hour,100%,100%,t
15082394,Jordan,2014-05-04,within an hour,100%,100%,f
15110637,Aj,2014-05-05,within a few hours,100%,100%,f
1511749,Mike,2011-12-17,within a few hours,100%,100%,f
15135436,Nicolas And Jeanna,2014-05-05,within a day,80%,100%,f
15155647,Shiri,2014-05-06,within a day,70%,100%,f
15171111,Paul,2014-05-06,a few days or more,33%,100%,f
15178583,Jennifer,2015-09-06,within an hour,100%,100%,f
15188659,Doug,2014-05-06,within an hour,100%,100%,f
15377123,Selma,2014-05-11,within an hour,100%,100%,t
1539790,Alianna,2011-12-27,within a few hours,100%,100%,f
15433538,Maya,2014-05-12,within an hour,100%,100%,f
15438773,Jessica,2014-05-12,within a few hours,100%,100%,f
1545026,Anna,2011-12-28,within an hour,90%,100%,f
1545100,Erin & Nat,2011-12-29,within an hour,100%,100%,t
15473800,Lisa,2014-05-13,within an hour,100%,100%,f
15512043,Edward,2014-05-14,within a few hours,100%,100%,t
15537536,Richard  & Jeri,2014-05-14,within a few hours,100%,100%,t
15543526,Rachel And Paul,2014-05-14,within an hour,100%,100%,f
15565015,Jenna  & Dolphy,2014-05-15,within an hour,100%,100%,t
15611795,Santosh,2014-05-16,within a day,80%,100%,f
1566314,Vienna,2012-01-04,within a day,100%,100%,f
157262,Visala,2010-07-02,within an hour,100%,100%,f
15785677,Claudia,2014-05-20,within a day,100%,100%,f
15791829,Sabrina & Ryan,2014-05-21,within an hour,100%,100%,t
15792177,Andrew,2014-05-21,within a few hours,89%,100%,f
15823970,Linda,2014-05-21,within a few hours,100%,100%,t
15938400,Birgit,2014-05-24,within a few hours,100%,100%,f
15980816,Emily,2014-05-25,within an hour,100%,100%,f
15981902,Cameron And Michelle,2014-05-26,within an hour,100%,100%,f
16007710,Jon,2014-05-26,within a day,88%,100%,t
1608733,Ken & Layna,2012-01-15,within a few hours,96%,100%,t
1611114,Craig,2012-01-15,within an hour,100%,100%,t
1611939,Drew,2012-01-16,within an hour,100%,100%,t
1612983,Andrea,2012-01-16,within a few hours,100%,100%,f
1618021,Rick,2012-01-17,within an hour,100%,100%,t
16206353,Kathy,2014-05-31,within an hour,100%,100%,f
16264139,Dana,2014-06-02,within a few hours,100%,100%,f
1628476,Ralph,2012-01-19,within an hour,100%,100%,t
16285348,Will,2014-06-02,within a day,86%,100%,f
16405627,Tania,2014-06-05,within an hour,100%,100%,f
164430,Jill,2010-07-12,within a few hours,90%,100%,f
1645336,Lisa,2012-01-24,within an hour,100%,100%,f
1649939,Sherill,2012-01-25,within an hour,100%,100%,f
16533140,Steven And Dawn,2014-06-08,within an hour,100%,100%,f
16537099,Maximillian,2014-06-08,within an hour,100%,100%,f
16587333,Jessica And Robert,2014-06-09,within a day,100%,100%,t
16630158,Kerry,2014-06-10,within an hour,100%,100%,t
16637594,Chad,2014-06-10,within a few hours,100%,100%,t
16639011,Paul,2014-06-10,within an hour,100%,100%,f
16685525,Trish,2014-06-11,within an hour,100%,100%,f
16687781,Andrea,2014-06-11,within a few hours,100%,100%,t
16718874,Patrice,2014-06-12,within a day,67%,100%,f
16727906,Tory,2014-06-13,within an hour,100%,100%,t
16729336,Deborah,2014-06-13,within an hour,100%,100%,t
167482,Ann,2010-07-15,within a few hours,100%,100%,t
16786048,Avalon,2014-06-14,within a few hours,90%,100%,f
16820220,Leo,2014-06-15,within a day,100%,100%,f
1682544,Leo,2012-02-01,within an hour,100%,100%,t
16835162,Esperanza & Leo,2014-06-15,within a few hours,100%,100%,t
168580,Glyn,2010-07-16,within an hour,100%,100%,t
16882707,Wazhma,2014-06-16,within an hour,100%,100%,f
16884006,Alex,2014-06-17,within an hour,100%,100%,t
1691632,Lacy And Kyle,2012-02-02,within a few hours,100%,100%,t
16969199,Lee,2014-06-18,within an hour,100%,100%,f
17022129,Johnica,2014-06-20,within a day,55%,100%,f
17034883,Theresa,2014-06-20,within a day,90%,100%,t
17039361,Jeremy,2014-06-20,within a few hours,100%,100%,t
17170275,Yaoyu,2014-06-23,within an hour,100%,100%,f
17170773,Adin & Lynda,2014-06-23,within an hour,100%,100%,f
17179347,Judd,2014-06-24,within an hour,86%,100%,f
17179567,Erin,2014-06-24,within an hour,100%,100%,t
17224304,Jeremy,2014-06-24,within an hour,100%,100%,f
17234030,Zachary,2014-06-25,within an hour,100%,100%,f
17269911,Rob,2015-12-08,within a day,80%,100%,f
17363808,Angela,2014-06-28,within an hour,100%,100%,t
17380927,Blanca,2014-06-28,within a few hours,100%,100%,f
1744441,Daniel,2012-02-13,within a few hours,100%,100%,f
1746143,Margot,2012-02-13,within a few hours,100%,100%,f
17469341,Chris,2014-06-30,within an hour,100%,100%,t
17471347,Seth,2014-06-30,within a few hours,100%,100%,f
17476632,Hitomi,2014-06-30,within an hour,100%,100%,f
1747753,Annette,2012-02-13,within an hour,75%,100%,f
17482326,Morgan,2014-07-01,within a day,80%,100%,f
17530058,Langdon,2014-07-02,within a day,67%,100%,f
17566052,Ruth,2014-07-02,within an hour,100%,100%,f
17571737,Cathy,2014-07-02,within an hour,100%,100%,f
17572659,Rachel,2014-07-02,within a few hours,100%,100%,f
17595871,Anne,2014-07-03,within a few hours,100%,100%,t
17597607,Nicole,2014-07-03,within an hour,100%,100%,t
17613151,Lea,2014-07-03,within an hour,100%,100%,f
17640965,Gloria,2014-07-04,within an hour,100%,100%,f
17644043,Angel,2014-07-04,within a day,100%,100%,t
17717833,Brian And Gina,2014-07-06,within an hour,100%,100%,f
17740302,Analisa,2014-07-06,within an hour,100%,100%,t
17764753,Lyn,2014-07-07,a few days or more,43%,100%,f
17770007,Brendan,2014-07-07,within an hour,100%,100%,f
17774840,Shadi,2015-03-17,within a day,100%,100%,f
17796129,Emma And Chris,2014-07-07,within an hour,100%,100%,f
1782420,Carolyn And James,2012-02-20,within a day,100%,100%,t
1783367,Scott,2012-02-20,within an hour,100%,100%,t
17834927,Jeffrey,2014-07-08,within an hour,100%,100%,t
1788284,Eric,2012-02-21,within a day,100%,100%,f
17895568,Candace,2014-07-09,within an hour,100%,100%,f
17902178,Charles,2014-07-10,within a day,100%,100%,f
179030,Harriet,2010-07-24,within an hour,100%,100%,t
17928378,Joe,2014-07-10,within a day,67%,100%,f
17940872,James,2014-07-10,within a day,100%,100%,f
17961308,Ryan,2014-07-11,within a few hours,100%,100%,t
1797680,Jesse,2012-02-23,within an hour,100%,100%,t
17978322,Matthew,2014-07-11,within an hour,100%,100%,f
17986403,Blair,2014-07-12,within an hour,100%,100%,t
18017462,Sara,2014-07-12,within a day,100%,100%,f
180441,Pina,2010-07-25,within a day,86%,100%,f
18096695,Chris,2014-07-14,within a few hours,100%,100%,t
1809801,Becky And Jim,2012-02-25,within a few hours,100%,100%,f
18099944,Anton,2014-07-14,within an hour,93%,100%,f
18150027,John,2014-07-15,within an hour,100%,100%,f
181621,Barbara,2010-07-26,within an hour,100%,100%,f
18207315,Darlene,2014-07-16,within a few hours,100%,100%,f
1821227,Lisa,2012-02-27,within a day,75%,100%,f
18218129,T.J.,2014-07-16,within a few hours,100%,100%,t
18232665,Kim,2014-07-17,within an hour,100%,100%,f
18342756,Becky,2014-07-18,within an hour,100%,100%,f
18362115,Rahul,2014-07-19,within an hour,100%,100%,f
18394291,Dawn,2014-07-19,within a day,67%,100%,f
1839610,Liza,2012-03-01,within a day,80%,100%,f
18423248,Dale & Laura,2014-07-19,within a day,78%,100%,f
184382,Harry & Amanda,2010-07-29,within a few hours,100%,100%,f
1845764,Brian & Nate,2012-03-02,within an hour,100%,100%,f
18478539,Elizabeth,2014-07-20,within a day,100%,100%,f
1849458,Dawn Marie,2012-03-03,within a day,78%,100%,f
1859394,Andrew,2012-03-04,within a day,100%,100%,t
18681876,Margaret,2014-07-22,within a few hours,100%,100%,t
18683496,Hannah,2014-07-22,within a few hours,100%,100%,f
18687921,Tim,2014-07-22,within an hour,100%,100%,f
1870462,Amy & Sean,2012-03-06,within a day,100%,100%,f
1870781,Diana,2012-03-06,within a few hours,90%,100%,f
1872473,Trong,2012-03-06,within a few hours,100%,100%,f
187753,Kevin & Jennifer,2010-08-01,within a few hours,100%,100%,f
18791339,Young,2014-07-24,within a few hours,100%,100%,f
1881431,Frank,2012-03-08,within a day,80%,100%,f
18835179,Jakub,2014-07-24,within a day,70%,100%,f
1886546,Maria,2012-03-08,within a day,100%,100%,f
1890330,Kristjan,2012-03-09,within a day,100%,100%,f
1891850,Bob,2012-03-09,within a few hours,100%,100%,f
189356,Michael,2010-08-02,within a few hours,100%,100%,f
18948070,Sebastian,2014-07-26,within an hour,100%,100%,f
19001873,Kailee,2014-07-27,within a day,50%,100%,f
19033543,Steven,2014-07-28,within an hour,100%,100%,f
19071753,Julien,2014-07-28,within a few hours,100%,100%,f
19137950,Margaux,2014-07-29,within a few hours,100%,100%,f
19193158,Faith,2014-07-30,within a few hours,100%,100%,f
192355,Jane,2010-08-05,within a few hours,100%,100%,f
19243902,Felicity,2014-07-31,within a day,100%,100%,f
19262538,Yissie,2014-08-01,within an hour,100%,100%,f
19289685,Lauren,2014-08-01,within a few hours,100%,100%,f
1929300,Arvind,2012-03-15,within a few hours,100%,100%,f
19294641,Derek,2014-08-01,within an hour,100%,100%,f
19296907,J.Lynn,2014-08-01,within a few hours,100%,100%,t
19310498,Crystal,2014-08-01,within an hour,100%,100%,f
19311504,Andrew,2014-08-01,within a few hours,100%,100%,t
19333511,Ivan,2014-08-02,within a day,100%,100%,f
19338313,Robin,2014-08-02,within an hour,100%,100%,f
19361478,Alexandra,2014-08-03,within an hour,90%,100%,f
193689,Eric,2010-08-06,within an hour,100%,100%,t
19387667,Pilar,2014-08-03,within a day,50%,100%,f
1938802,Jason And Susy,2012-03-17,within an hour,100%,100%,f
1939746,Justine,2012-03-17,within an hour,100%,100%,f
19415602,Dustin,2014-08-03,within a day,100%,100%,f
19477023,Cindy,2014-08-04,within a few hours,100%,100%,t
19533935,Stephanie,2014-08-05,within a day,80%,100%,f
19598332,Reid & Aaleen,2014-08-06,within an hour,100%,100%,t
19628846,Chelsea,2014-08-07,within a few hours,78%,100%,f
1963437,Rhea,2012-03-18,within an hour,100%,100%,f
19660299,Daniel And Teresa,2014-08-08,within an hour,100%,100%,t
19660469,Jil,2014-08-08,within an hour,100%,100%,t
1971733,Caroline,2012-03-19,within a day,100%,100%,f
19756727,Jamie,2014-08-09,within an hour,100%,100%,t
19757666,Shiva,2014-08-10,within a day,100%,100%,f
19811465,Maryanne,2014-08-10,within a day,83%,100%,f
1982828,Andrew,2012-03-21,within a day,89%,100%,f
19839856,Nicholas,2014-08-11,within a day,75%,100%,f
1984006,Rachel,2012-03-21,within a few hours,100%,100%,f
19853296,Ruth,2014-08-11,within an hour,100%,100%,f
19861136,Chuck,2014-08-11,within a few hours,100%,100%,f
19870914,Janna,2014-08-11,within an hour,100%,100%,f
19903240,Sara,2014-08-12,within a day,50%,100%,f
19916574,Pritha,2014-08-12,within a day,68%,100%,f
19928221,Debbie,2014-08-12,within an hour,100%,100%,t
19932967,Pat & Roberta,2014-08-13,within an hour,100%,100%,t
19962298,Susan,2014-08-13,within an hour,100%,100%,f
19984963,Sarah,2014-08-13,within an hour,100%,100%,f
19992117,Nora,2014-08-14,within an hour,100%,100%,f
19994652,Griffin,2014-08-14,within a few hours,90%,100%,f
20046375,Hila,2014-08-15,within an hour,100%,100%,f
20076237,Morgan,2014-08-15,within a few hours,100%,100%,t
20081759,Ngoc,2014-08-15,within a few hours,67%,100%,f
20089918,Zachary & Angela,2014-08-15,within an hour,100%,100%,f
2012892,J,2012-03-26,within a few hours,100%,100%,t
20159192,Michael,2014-08-17,within a day,100%,100%,f
20181500,Shayna,2014-08-17,within an hour,100%,100%,f
20190141,Molly,2014-08-18,within a few hours,100%,100%,t
2020017,Michael,2012-03-27,within an hour,100%,100%,t
20218854,Joe,2014-08-18,within an hour,100%,100%,t
20219463,Dan,2014-08-18,within a few hours,100%,100%,f
20220925,Ezana,2014-08-18,within a few hours,100%,100%,t
20242835,Melinda,2014-08-19,within an hour,100%,100%,f
2028319,Nicole,2012-03-29,a few days or more,40%,100%,f
20314969,Ariel,2014-08-20,within an hour,100%,100%,f
2033580,Anthony,2012-03-29,within an hour,100%,100%,t
20337955,Sean,2014-08-21,within a few hours,100%,100%,f
20338511,Amber,2014-08-21,within a few hours,100%,100%,f
20380795,Kalani,2014-08-22,within an hour,100%,100%,f
20435133,Matt,2014-08-23,within an hour,100%,100%,f
20442522,Allison And John,2014-08-23,within an hour,100%,100%,t
20450031,Ken,2014-08-23,within an hour,94%,100%,t
20495686,Martin & Carolyn,2014-08-25,within an hour,100%,100%,t
205007,Martin And Taryn,2010-08-18,within a day,100%,100%,f
20519441,Rebecca,2014-08-25,within an hour,100%,100%,t
2052160,Ruth,2012-04-02,within a few hours,100%,100%,t
2057654,Michele & Ryan,2012-04-02,within a few hours,100%,100%,t
20580823,Marni,2014-08-26,within a day,71%,100%,f
20655766,Li,2014-08-28,within a few hours,80%,100%,f
2066223,Patricia,2012-04-03,within a day,70%,100%,f
2067157,Hailey,2012-04-04,within an hour,100%,100%,f
20671912,Amanda And Toni,2014-08-29,within an hour,100%,100%,f
20693394,Kelly,2014-08-29,within a day,100%,100%,f
20732089,Brandon And Bethany,2014-08-30,within a day,100%,100%,f
20732434,Amy,2014-08-30,within a few hours,100%,100%,f
2074144,Julie & George,2012-04-05,within a few hours,100%,100%,f
207419,Hayoung,2010-08-20,within a few hours,90%,100%,t
20758898,Rob,2014-08-31,within an hour,100%,100%,t
20820841,Will,2014-09-01,within a few hours,100%,100%,f
20847926,Dorothy,2014-09-02,within an hour,100%,100%,f
20853099,Flora,2014-09-02,within a few hours,100%,100%,t
20868197,Paige,2014-09-02,within a few hours,100%,100%,f
20871317,Tiffany,2014-09-02,within a few hours,90%,100%,t
20873639,James,2014-09-03,within a few hours,100%,100%,f
208959,Val,2010-08-22,within an hour,100%,100%,f
20935626,Colin & Kristina,2014-09-04,within a few hours,100%,100%,f
2094547,Samantha & Peter,2012-04-08,within a few hours,100%,100%,t
209571,Cheryl,2010-08-22,within an hour,100%,100%,f
20983122,Michael,2014-09-05,within a few hours,100%,100%,f
21006812,Rex,2014-09-06,within an hour,100%,100%,t
21015753,Theodora,2014-09-06,within an hour,100%,100%,f
21022292,Melinda,2014-09-06,within an hour,90%,100%,f
21072725,Chris,2014-09-08,a few days or more,31%,100%,f
21129876,Stacey,2014-09-09,within an hour,100%,100%,f
21149225,Anne,2014-09-09,within a few hours,100%,100%,f
21153266,Angela,2014-09-10,within a few hours,90%,100%,f
21176908,Hadar,2014-09-10,within an hour,100%,100%,f
2118351,Daniel,2012-04-11,within a day,50%,100%,f
21184497,M&K,2014-09-10,within an hour,100%,100%,f
21195629,Robbie,2014-09-11,within a few hours,100%,100%,f
2121640,Leslie & Mike,2012-04-12,within a day,78%,100%,f
21223543,Arthur,2014-09-11,within an hour,100%,100%,f
21223810,Eva,2014-09-11,within a day,100%,100%,f
212404,Piper + Kent,2010-08-25,within a few hours,100%,100%,f
21265939,Faith,2014-09-12,within a few hours,70%,100%,f
212740,Shalini,2010-08-25,within an hour,90%,100%,f
21274060,Joey And Faviola,2014-09-13,within an hour,100%,100%,f
21286518,John And Carol,2014-09-13,within an hour,100%,100%,t
21288637,Alex,2014-09-13,within an hour,100%,100%,t
21303244,Maggie,2014-09-14,within a day,100%,100%,f
21401856,Nick,2014-09-16,within an hour,100%,100%,f
21420064,Ryan,2014-09-16,within a few hours,100%,100%,f
21473544,Naima,2014-09-18,within an hour,100%,100%,t
21505796,Peter,2014-09-18,within an hour,100%,100%,f
2152222,Sehar,2012-04-16,within a day,80%,100%,f
21574975,Stevie,2014-09-20,within an hour,100%,100%,t
21616710,Courtney,2014-09-21,within an hour,100%,100%,f
21640303,Chris,2014-09-22,within a day,100%,100%,f
21773340,Amanda,2014-09-25,within an hour,100%,100%,f
21896205,Henry,2014-09-28,within an hour,100%,100%,f
21897232,Margarita,2014-09-28,within a day,100%,100%,f
21933958,Benjamin,2014-09-29,within an hour,100%,100%,t
21935332,Khanie,2014-09-29,within a day,100%,100%,f
22034694,Kevin,2014-10-02,within a day,70%,100%,f
22049520,Rilwan,2014-10-02,within an hour,100%,100%,f
2205509,Grace & Jared,2012-04-23,within a few hours,100%,100%,f
22071593,Brian,2014-10-03,within an hour,100%,100%,f
22100785,Erika,2014-10-03,within a day,100%,100%,f
22176009,Clif & Nelda,2014-10-05,within a few hours,90%,100%,t
22218808,Donna,2014-10-06,within an hour,100%,100%,t
22257381,Abigail,2014-10-07,within a few hours,100%,100%,f
22267748,Shikha,2014-10-08,within a few hours,100%,100%,f
22302229,Rachel,2014-10-08,within a few hours,95%,100%,f
2232569,Kyle,2012-04-26,within a day,100%,100%,t
22372266,Sarah,2014-10-10,within an hour,100%,100%,f
2237228,Mimi,2012-04-27,within a few hours,100%,100%,f
22411484,Malhar,2014-10-11,within a day,83%,100%,f
22414188,Grace,2014-10-11,within a day,90%,100%,f
22422326,Keith,2014-10-12,within a day,100%,100%,f
22422978,Caleb,2014-10-12,within an hour,100%,100%,f
22449579,Ann,2014-10-12,within an hour,100%,100%,t
22501560,Elena,2014-10-13,a few days or more,40%,100%,f
22576916,Hasna,2014-10-15,within an hour,100%,100%,f
22611417,Nafis,2014-10-16,within a few hours,75%,100%,f
22619582,Paloma,2014-10-16,within an hour,100%,100%,f
22737225,David,2014-10-19,within an hour,100%,100%,t
22758930,Sarah,2014-10-20,within a few hours,100%,100%,f
22759920,Michael,2014-10-20,within a few hours,100%,100%,f
2277537,Sally,2012-05-02,within an hour,100%,100%,t
22848233,Carrie,2014-10-22,within a few hours,100%,100%,f
22860305,Matthew & Jessie,2014-10-22,within a few hours,100%,100%,f
2287724,Peggy,2012-05-04,within a few hours,100%,100%,t
22886966,Haley,2014-10-23,within an hour,100%,100%,f
2294267,Donna,2012-05-04,within a few hours,100%,100%,f
22960405,David,2014-10-25,within an hour,90%,100%,f
22965312,Benji,2014-10-25,within an hour,100%,100%,f
22969709,Eric,2014-10-25,within an hour,100%,100%,f
230140,Marie,2010-09-10,within an hour,100%,100%,t
23027452,Kathryn,2014-10-27,within a day,67%,100%,f
2305861,Allison,2012-05-06,within an hour,100%,100%,f
23077187,Breanne,2014-10-28,within a few hours,100%,100%,f
23093151,Danielle,2014-10-29,within a few hours,100%,100%,f
2309561,Austin,2012-05-07,within an hour,100%,100%,f
2316284,Leah,2012-05-07,within a few hours,89%,100%,f
23165079,Jared,2014-10-30,within a day,100%,0%,f
23169254,Jessica,2014-10-31,within a few hours,90%,100%,t
2317654,Dahlia,2012-05-07,within a day,100%,100%,f
2325108,Josh And Nicole,2012-05-08,within a few hours,100%,100%,f
23255076,Ana,2014-11-02,within an hour,100%,100%,f
23259103,Ben,2014-11-02,within an hour,100%,100%,f
23267204,Allen,2014-11-02,within a day,80%,100%,f
23270234,Alexa,2014-11-02,within a day,70%,100%,f
2327457,Jen,2012-05-09,within a few hours,100%,100%,t
23315402,Theresa And Joe,2014-11-03,within an hour,100%,100%,t
2334189,Tracy,2012-05-09,within a few hours,90%,100%,t
23353091,Chris,2014-11-04,within a few hours,100%,100%,t
2342082,Marilyn,2012-05-10,within a few hours,100%,100%,t
23423764,Vinnette,2014-11-06,within a day,82%,100%,f
23436894,Aniket,2014-11-06,within a few hours,100%,100%,f
23468733,Daniella,2014-11-07,within a few hours,97%,100%,f
23468824,Dominick,2014-11-07,within an hour,100%,100%,t
2347819,Dee & Adam,2012-05-11,within a day,100%,100%,f
23498834,Ali And Dirk,2014-11-08,within an hour,100%,100%,f
23551180,Mary,2014-11-10,within a few hours,100%,100%,f
2355349,Kellie,2012-05-12,within an hour,100%,100%,t
23583849,Conor,2014-11-10,within an hour,100%,100%,f
23591558,Jason,2014-11-10,within a day,50%,100%,f
23624535,Beth And Garrett,2014-11-11,within a day,100%,100%,f
23630227,Jon,2014-11-11,within an hour,89%,100%,t
23635078,Kelsey,2014-11-11,within a few hours,100%,100%,f
2364414,Ellen,2012-05-13,within a few hours,100%,100%,f
2370749,Tom,2012-05-14,within a few hours,100%,100%,t
23713302,Tina,2014-11-13,within an hour,100%,100%,f
2376549,Patricia,2012-05-15,within an hour,100%,100%,f
23822173,Supriya,2014-11-16,within an hour,100%,100%,f
23827582,Michelle,2014-11-16,within a few hours,100%,100%,f
238431,Brian,2010-09-18,within an hour,100%,100%,t
23878721,Sallie,2014-11-18,within an hour,100%,100%,t
23880457,Alexandra,2014-11-18,within an hour,100%,100%,t
23911251,Rob,2014-11-18,within an hour,100%,100%,f
23916634,Cyndy,2014-11-18,within an hour,100%,100%,t
2392169,Heather,2012-05-16,within a day,90%,100%,t
2393756,Sarah,2012-05-16,within a few hours,100%,100%,f
23946949,Laura,2014-11-19,within a day,100%,100%,f
239585,Ray & Eileen,2010-09-19,within a few hours,100%,100%,t
23986021,Derrill And Patty,2014-11-20,within a few hours,100%,100%,f
24017361,Ryan,2014-11-21,within an hour,100%,100%,f
24017652,Shelley,2014-11-21,within an hour,100%,100%,f
24046804,Sam,2014-11-22,within a few hours,100%,100%,f
2405911,Heather,2012-05-18,within a day,75%,100%,f
2405924,Tahira,2012-05-18,within a few hours,100%,100%,f
24087447,Lela,2014-11-23,within a day,80%,100%,f
24091986,Greg,2014-11-24,within a day,50%,100%,f
24134769,Timothy,2014-11-25,within a day,75%,100%,f
24166838,Alan,2014-11-25,within an hour,100%,100%,f
242188,Jennifer,2010-09-22,a few days or more,43%,100%,f
24243156,Nicholas,2014-11-27,within an hour,100%,100%,f
2425448,Gabe,2012-05-21,within an hour,100%,100%,t
24272378,Miranda,2014-11-28,within an hour,100%,100%,f
2431399,Jay,2012-05-21,within a few hours,100%,100%,f
2433229,Robert,2012-05-22,within an hour,100%,100%,f
24429939,Nicolas,2014-12-03,within a few hours,100%,100%,t
24464339,Lihi,2014-12-03,within a day,80%,100%,f
2450062,Liza,2012-05-23,within an hour,100%,100%,f
24500821,Tim,2014-12-04,within an hour,100%,100%,f
24526173,Connie,2014-12-05,within an hour,100%,100%,f
24561026,Josh,2014-12-06,within an hour,100%,100%,t
24563934,Brandon,2014-12-07,within a few hours,100%,100%,f
2460676,Matthew,2012-05-25,within an hour,100%,100%,f
24633415,David,2014-12-08,within an hour,100%,100%,t
24693226,Prashant,2014-12-10,within a day,100%,100%,f
24745881,Valerie,2014-12-11,within a day,100%,100%,t
24786046,Shawn,2014-12-13,within an hour,100%,100%,f
24796943,Jill,2014-12-13,within a few hours,100%,100%,f
24803728,Chris,2014-12-13,within an hour,100%,100%,f
24825213,Lee,2014-12-14,within an hour,100%,100%,t
24843788,Kelly,2014-12-14,within an hour,100%,100%,f
24892993,Jamie,2014-12-16,within a day,100%,100%,f
24902894,Luan,2014-12-16,within an hour,100%,100%,f
24905379,William,2014-12-16,within an hour,100%,100%,f
24905439,Xiu,2014-12-16,within an hour,90%,100%,f
2495385,Drew,2012-05-29,within a day,60%,100%,f
2496518,Jeremy,2012-05-29,within a few hours,100%,100%,f
24974793,Libby,2014-12-18,within a few hours,100%,100%,f
24976504,Rebecca,2014-12-18,within a day,57%,100%,f
2497928,Gary And Beth,2012-05-30,within an hour,100%,100%,t
25041496,Eli,2014-12-20,within an hour,100%,100%,t
25084775,Athena,2014-12-22,within an hour,75%,100%,f
2511908,Abby,2012-05-31,within a few hours,100%,100%,f
25138851,Mary,2014-12-23,within a day,100%,100%,f
25150356,Kurt & Anna,2014-12-24,within an hour,100%,100%,f
25171396,Heidi,2014-12-24,within a few hours,100%,100%,t
25189700,Mike & Michelle,2014-12-25,within a few hours,100%,100%,f
25274592,Kassy,2014-12-27,within an hour,100%,100%,t
25284108,Betsy,2014-12-28,within a few hours,100%,100%,f
25330374,Orla,2014-12-29,within a few hours,90%,100%,f
2535710,Matt,2012-06-03,within an hour,100%,100%,t
25417834,Markus And Melissa,2014-12-31,within an hour,100%,100%,t
25460065,Mimmi,2015-01-01,within a few hours,90%,100%,f
25520296,Craig And John,2015-01-02,within an hour,100%,100%,t
25523081,Michael,2015-01-03,within a few hours,100%,100%,f
25616243,Sarah,2015-01-04,within an hour,100%,100%,t
256203,Shannon,2010-10-07,within a day,63%,100%,f
25636571,Ben,2015-01-05,within a few hours,100%,100%,t
25667310,Mozelle,2015-01-05,within an hour,100%,100%,f
257237,Laura,2010-10-09,within a few hours,100%,100%,f
25746073,Shawna,2015-01-07,within a few hours,67%,100%,f
2575305,Noelle,2012-06-07,within an hour,100%,100%,f
2575710,Kate,2012-06-07,within an hour,100%,100%,f
25804261,Carlos,2015-01-08,within a few hours,83%,100%,f
25816390,Susannah,2015-01-08,within a few hours,100%,100%,f
25899989,Ellie,2015-01-10,within an hour,100%,100%,f
25906186,Vacation,2015-01-10,within an hour,71%,100%,f
2593671,Eric,2012-06-10,within an hour,100%,100%,f
25940496,Phoebe,2015-01-11,within an hour,100%,100%,f
2594393,Shay,2012-06-10,within an hour,100%,100%,t
25963725,Emily,2015-01-11,within a few hours,100%,100%,t
25966380,Min,2015-01-11,within an hour,100%,100%,t
26032511,Tracy,2015-01-13,within an hour,83%,100%,t
2604788,Kabir,2012-06-11,within an hour,100%,100%,f
2608801,Jay,2012-06-11,within an hour,100%,100%,f
26225259,Alberto Stein,2015-01-16,within an hour,90%,100%,f
26225330,William,2015-01-16,within a day,86%,100%,f
26232234,Jen,2015-01-17,within an hour,100%,100%,f
26322633,Megan,2015-01-18,within an hour,100%,100%,f
26326126,Dan,2015-01-18,within a few hours,100%,100%,f
26378499,Marshall,2015-01-19,within a day,100%,100%,f
26389600,Ben,2015-01-20,within a day,100%,100%,f
26390906,Nick,2015-01-20,within a day,100%,100%,f
26392625,Jason,2015-01-20,within a few hours,100%,100%,f
26394059,Joshua,2015-01-20,within a day,80%,100%,f
26475960,David,2015-01-21,within an hour,100%,100%,f
26498368,Peggy,2015-01-21,within an hour,100%,100%,f
26502819,Lacey,2015-01-21,within an hour,100%,100%,t
26504229,Craig,2015-01-21,within an hour,100%,100%,f
26509491,Clay,2015-01-22,within a few hours,100%,100%,f
26547165,Greg,2015-01-22,within a day,100%,100%,t
26630462,Gretchen & Sidney,2015-01-24,within an hour,100%,100%,t
26690621,Elisa,2015-01-25,within a few hours,90%,100%,t
26736911,Elizabeth,2015-01-26,within a few hours,100%,100%,f
26766503,Miriam,2015-01-26,within a few hours,100%,100%,t
26861553,Eileen,2015-01-28,within a few hours,100%,100%,t
26869259,Teresa,2015-01-28,within a day,100%,100%,t
2696775,Elfriede ( Elfie),2012-06-20,within an hour,100%,100%,t
2704826,Nate,2012-06-21,within a few hours,80%,100%,f
27054652,Dan,2015-02-01,within an hour,100%,100%,f
27101877,Sha'Ari,2015-02-02,within an hour,100%,100%,f
27128259,Heidi,2015-02-02,within an hour,100%,100%,f
27128936,Anisa,2015-02-02,within an hour,100%,100%,f
27129222,Raijina,2015-02-02,within an hour,90%,100%,f
27322459,Drew,2015-02-06,within an hour,100%,100%,t
2733106,Jessica,2012-06-24,within an hour,100%,100%,f
2743047,Noah,2012-06-25,within a day,90%,100%,f
2744582,Malcolm,2012-06-26,within an hour,100%,100%,f
2744697,Jon,2012-06-26,within an hour,100%,100%,t
27499395,Meagan,2015-02-09,within an hour,100%,100%,f
27508753,Scott,2015-02-10,within a few hours,100%,100%,f
27532846,Barbara,2015-02-10,within a few hours,100%,100%,f
2756070,Marlo,2012-06-27,within an hour,100%,100%,t
27663401,Manlio,2015-02-12,within an hour,100%,100%,t
27711842,Alden,2015-02-13,within a day,70%,100%,f
2777369,Angela & Herman,2012-06-29,within an hour,100%,100%,f
27811196,Imran,2015-02-15,within a day,100%,100%,f
27919460,Princeton,2015-02-17,within an hour,100%,100%,f
28007250,Brittney,2015-02-19,within an hour,100%,100%,t
28011170,Sara,2015-02-19,within an hour,100%,100%,t
28062101,John,2015-02-20,within a day,90%,100%,f
28179295,Anthony,2015-02-22,within a few hours,100%,100%,f
2822168,Jarred & Tess,2012-07-03,within a few hours,100%,100%,f
28230503,Ben,2015-02-23,within an hour,100%,100%,f
2824920,Gerrit & Ann,2012-07-04,within a few hours,100%,100%,f
28375755,Barbara,2015-02-26,within a few hours,100%,100%,t
2843411,Dina,2012-07-05,within an hour,100%,100%,f
2854774,Jasen,2012-07-06,within an hour,100%,100%,t
2855271,Andrew,2012-07-07,within a day,50%,100%,f
28646378,Kristin,2015-03-02,within an hour,100%,100%,f
28653007,Andrew,2015-03-02,within an hour,89%,100%,f
286545,Yuriy,2010-11-14,within an hour,100%,100%,f
28658052,Ida,2015-03-02,within a few hours,100%,100%,f
28716982,Ali,2015-03-03,within an hour,86%,100%,f
28723135,Meg,2015-03-04,within an hour,100%,100%,f
28772841,Linda,2015-03-04,within an hour,90%,100%,t
28822480,Ella,2015-03-05,a few days or more,33%,100%,f
28840161,Anna,2015-03-05,within an hour,90%,100%,f
2886900,Kathleen,2012-07-10,within a day,50%,100%,f
28883039,J. Ildrich,2015-03-06,within an hour,100%,100%,f
28885639,Alex,2015-03-06,within a day,100%,100%,t
28917785,Gary,2015-03-07,within a few hours,63%,100%,f
28943976,Isai,2015-03-07,within an hour,100%,100%,f
2911433,Anna,2012-07-12,within a few hours,90%,100%,f
29181914,Chris & Maria,2015-03-11,within an hour,100%,100%,t
29448972,Sue Ann,2015-03-16,within an hour,100%,100%,f
29480224,Abby,2015-03-16,within a few hours,100%,100%,f
29481973,Chris,2015-03-17,within an hour,100%,100%,t
29529103,Colum,2015-03-17,within a few hours,100%,100%,f
295367,Bede,2010-11-22,within an hour,100%,100%,f
29542578,Kym,2015-03-17,within a few hours,100%,100%,f
29543440,Tyler,2015-03-18,within a day,50%,100%,f
29629669,Angie,2015-03-19,within an hour,100%,100%,f
29698708,Jennifer,2015-03-20,within a day,100%,100%,f
29745749,Preeti,2015-03-21,a few days or more,33%,100%,f
29755473,Roy,2015-03-21,within an hour,100%,100%,f
29803546,Satadru,2015-03-22,within a day,80%,100%,f
29824474,Rachael,2015-03-22,within a few hours,100%,100%,t
2983711,Paige,2012-07-18,within a few hours,100%,100%,f
29934463,Roger W,2015-03-24,within a day,100%,100%,f
29994384,Kat,2015-03-25,within a few hours,100%,100%,f
30016584,Bogdan,2015-03-25,within a day,90%,100%,f
3001712,Amit,2012-07-20,within a day,100%,100%,f
30030857,Deb,2015-03-26,within a few hours,100%,100%,f
30049045,Tim And Amanda,2015-03-26,within a few hours,80%,100%,f
30055689,Niki,2015-03-26,within a day,67%,100%,f
3009864,Jess,2012-07-21,within a few hours,100%,100%,t
3010798,Calvin,2012-07-21,within a few hours,100%,100%,f
30112460,Victoria,2015-03-27,within an hour,100%,100%,t
30115945,Nick,2015-03-27,within an hour,80%,100%,f
30129923,Stacie,2015-03-28,within an hour,100%,100%,f
3023407,Nan,2012-07-23,within an hour,100%,100%,t
30248897,Heather,2015-03-30,within a few hours,100%,100%,f
30308997,Erin,2015-03-30,within an hour,100%,100%,t
30318175,Nadia,2015-03-30,within a day,67%,100%,f
30322585,Nicole,2015-03-31,within a day,100%,100%,f
3032548,Joanna,2012-07-23,within an hour,100%,100%,t
3040367,Mardee,2012-07-24,within a few hours,100%,100%,t
3041082,Annalise,2012-07-24,within a day,100%,100%,f
30550537,Terry,2015-04-03,within an hour,100%,100%,f
30604,Ekko,2009-08-09,within a few hours,100%,100%,t
30609848,Melissa,2015-04-04,within a day,100%,100%,f
30667344,Lee,2015-04-05,within a few hours,100%,100%,f
30734210,Dee,2015-04-06,within a few hours,86%,100%,t
30793403,Amanda,2015-04-07,within a day,86%,100%,f
30868481,Will,2015-04-08,within an hour,100%,100%,f
308927,John,2010-12-03,within a few hours,100%,100%,t
3097100,Devin & Michelle,2012-07-30,within a day,100%,100%,f
30979808,Anastasia,2015-04-10,within an hour,100%,100%,t
30988044,Judy,2015-04-10,within an hour,100%,100%,f
31032640,NoÃ©,2015-04-11,within a few hours,95%,100%,f
31036041,Marlee,2015-04-11,within an hour,100%,100%,f
31037494,Silvia,2015-04-11,within a day,60%,100%,f
31106716,Annie,2015-04-12,within an hour,100%,100%,f
31108433,Colleen,2015-04-12,within a few hours,100%,100%,f
311363,Irmgard,2010-12-06,within a few hours,100%,100%,f
3118422,Julie,2012-07-31,within an hour,100%,100%,f
3139639,Alicia,2012-08-02,within an hour,100%,100%,t
31477848,Justin,2015-04-18,within a few hours,67%,100%,f
3163979,BeckyJo,2012-08-05,within a day,100%,100%,t
31659671,Michael,2015-04-21,within a few hours,70%,100%,f
31664755,Natalie,2015-04-21,within an hour,100%,100%,f
31668017,Andrew,2015-04-21,within a few hours,100%,100%,t
31672756,Simon,2015-04-21,within an hour,100%,100%,f
31730119,Maggie And Luly,2015-04-22,within a few hours,83%,100%,f
31752892,Megan,2015-04-22,within a day,100%,100%,f
3178016,Benjamin,2012-08-06,within a few hours,100%,100%,t
3181546,Farhad,2012-08-07,within a day,75%,100%,f
31883976,Arif,2015-04-24,within an hour,89%,100%,f
31916919,Pieter,2015-04-25,within an hour,100%,100%,f
31926188,Andrew,2015-04-25,within an hour,100%,100%,f
32005391,Veronica,2015-04-26,within an hour,100%,100%,t
32052651,Audrey,2015-04-27,within an hour,100%,100%,f
32069191,David,2015-04-27,within an hour,100%,100%,f
32069664,Jessica,2015-04-27,within an hour,100%,100%,f
32081109,Noah,2015-04-27,within a few hours,100%,100%,f
32134569,Kathleen,2015-04-28,within an hour,100%,100%,t
32197370,Michael,2015-04-29,within a few hours,100%,100%,f
32222318,La Dele,2015-04-29,within a day,100%,100%,f
32232694,Ben,2015-04-29,within a day,100%,100%,f
32238651,Michael,2015-04-30,within a few hours,100%,100%,f
32381019,Kanjin,2015-05-01,within an hour,100%,100%,f
32394807,Andreina,2015-05-02,within a day,82%,100%,f
3240797,Angela,2012-08-13,within a day,50%,100%,f
32426630,Kevin,2015-05-02,within a few hours,100%,100%,t
3252192,Danyale & Ken,2012-08-13,within a day,67%,100%,f
32522941,Gayle,2015-05-03,within an hour,100%,100%,f
32532664,Isaiah,2015-05-03,within an hour,100%,100%,f
32552913,P.H.,2015-05-04,within a day,100%,100%,f
32609589,Michelle,2015-05-04,within a day,100%,100%,f
3264544,Fabio,2012-08-15,within an hour,100%,100%,f
3271389,Jonathan,2012-08-15,within an hour,100%,100%,t
3286649,Michael,2012-08-17,within an hour,100%,100%,f
3291162,Carola,2012-08-17,within a few hours,80%,100%,f
32916088,LaKell,2015-05-08,within a day,78%,100%,f
32998581,Katelynn,2015-05-09,within an hour,100%,100%,f
33039203,Tobin,2015-05-10,within an hour,100%,100%,t
33065911,Cindy,2015-05-10,within an hour,100%,100%,f
3313235,Leslie,2012-08-20,within a few hours,75%,100%,f
331573,Jean,2010-12-31,within a few hours,100%,100%,f
33164719,Anthony Toto,2015-05-12,within a few hours,100%,100%,f
33203690,Kim,2015-05-12,within a few hours,100%,100%,t
33236866,Jonathon,2015-05-12,within a day,80%,100%,t
33367198,Mark And Marti,2015-05-14,within a few hours,100%,100%,f
33515006,Andrew,2015-05-16,within an hour,100%,100%,t
33524725,Ruth,2015-05-16,within a few hours,100%,100%,f
33530053,Cameron,2015-05-16,within an hour,100%,100%,f
33601666,Alan,2015-05-17,within a few hours,100%,100%,f
3365116,Christy,2012-08-25,within a few hours,90%,100%,t
33676845,Jesse,2015-05-18,within a day,67%,100%,f
33698546,Stone,2015-05-18,within a few hours,100%,100%,f
33705141,Becca,2015-05-19,within an hour,100%,100%,t
3381100,Josh,2012-08-26,within a few hours,90%,100%,f
3382100,Judith,2012-08-26,within a few hours,100%,100%,f
33878833,Srikanth,2015-05-21,within an hour,100%,100%,t
33899676,Kristina,2015-05-21,within a few hours,100%,100%,f
33915019,Rah-Miel,2015-05-21,within a few hours,100%,100%,f
33931765,Michael,2015-05-21,within a few hours,90%,100%,f
33940698,Daniel,2015-05-21,within an hour,100%,100%,f
33953025,John,2015-05-22,within a few hours,100%,100%,f
34049026,Art And Jamie,2015-05-23,within a day,100%,100%,f
34051643,Brian,2015-05-23,within an hour,100%,100%,f
34143590,Jennifer,2015-05-24,within a few hours,100%,100%,f
34189648,Tara,2015-05-25,within a day,83%,100%,f
34238325,Pamela,2015-05-26,within a day,100%,100%,f
34279441,Scott,2015-05-26,within an hour,100%,100%,f
34297010,David & Nick,2015-05-26,within a few hours,80%,100%,t
3436665,Hanna,2012-08-31,within an hour,100%,100%,f
34370759,Eric,2015-05-27,within a day,100%,100%,f
34392395,Sam,2015-05-27,within a day,50%,100%,f
34397733,Hannah,2015-05-27,within a day,67%,100%,f
34556161,Tiffany,2015-05-30,within a day,100%,100%,f
3458990,Jeanette & Ned,2012-09-03,within an hour,100%,100%,t
34609763,Jonathan,2015-05-30,within a day,89%,100%,f
34656171,Sharon,2015-05-31,within a day,100%,100%,f
34665595,Lisa,2015-05-31,within an hour,100%,100%,f
34689188,Zachary,2015-05-31,within a few hours,100%,100%,f
34793330,Maya And Yoav,2015-06-02,within an hour,100%,100%,f
34859303,Judy,2015-06-02,within an hour,100%,100%,t
34872403,Pallavi,2015-06-02,within a few hours,90%,100%,f
34923136,Noelle,2015-06-03,within a few hours,100%,100%,f
34946797,Linda,2015-06-03,within an hour,100%,100%,f
34953514,Jeffrey,2015-06-03,within a few hours,100%,100%,f
34959604,Angie,2015-06-04,within an hour,100%,100%,f
34994802,Marian,2015-06-04,within an hour,100%,100%,t
35017566,Diann,2015-06-04,within an hour,100%,100%,t
3502513,Jennifer,2012-09-07,within an hour,100%,100%,f
35097157,You You,2015-06-05,within a few hours,100%,100%,f
351623,E.J.,2011-01-18,within a few hours,100%,100%,f
3526468,Ammen & Stephanie,2012-09-10,within a day,80%,100%,f
35326299,Erica,2015-06-08,within an hour,100%,100%,t
35354152,Johnny,2015-06-09,within a few hours,100%,100%,f
35396029,Nick,2015-06-09,within an hour,90%,100%,f
35408303,Fabio,2015-06-09,within a few hours,100%,100%,f
35425028,Christy,2015-06-09,within an hour,100%,100%,f
3543490,Minh,2012-09-12,a few days or more,25%,100%,f
35492206,Matthew,2015-06-10,within a few hours,100%,100%,f
35566596,Nick,2015-06-11,within a day,60%,100%,f
3563779,Wendy,2012-09-13,within a few hours,100%,100%,f
35643829,Colette,2015-06-12,within an hour,100%,100%,t
35662043,Amanda,2015-06-12,within a day,100%,100%,f
35674639,Beverly,2015-06-13,within an hour,67%,100%,f
357277,Matthew,2011-01-22,within an hour,80%,100%,f
35742272,Lisa,2015-06-14,within an hour,100%,100%,f
35804562,Linda & Bob,2015-06-14,within an hour,100%,100%,f
35826827,Brian,2015-06-14,within an hour,100%,100%,f
3584237,Brooke,2012-09-16,within an hour,100%,100%,f
3587674,Patti And Benson,2012-09-16,within an hour,100%,100%,t
35905805,Helena,2015-06-15,within an hour,100%,100%,f
36063155,Reginald,2015-06-17,within an hour,100%,100%,f
36085516,Jennifer,2015-06-17,within a day,100%,100%,f
36130869,Wafa,2015-06-18,within a day,100%,100%,f
36174062,Jillian,2015-06-19,within an hour,100%,100%,f
361961,Breeze,2011-01-25,within an hour,95%,100%,t
3620313,Catherine,2012-09-19,within a few hours,90%,100%,t
36231919,Daniel,2015-06-19,within a few hours,100%,100%,f
3630696,Bryon,2012-09-20,within a day,80%,100%,t
36373396,Greg,2015-06-21,within an hour,100%,100%,t
3644622,Bridget,2012-09-22,within a few hours,100%,100%,f
36474358,Robin,2015-06-22,within an hour,100%,100%,t
36501296,Katrina,2015-06-23,within an hour,100%,100%,f
3650951,Candace,2012-09-23,within an hour,100%,100%,f
3656709,Bryan & Mark,2012-09-24,within an hour,100%,100%,f
365687,Erik + Pamela,2011-01-28,within a day,70%,100%,f
36574415,Meg,2015-06-23,within a few hours,90%,100%,f
36623453,Nick,2015-06-24,within a few hours,100%,100%,f
36652734,Jolanta,2015-06-24,within an hour,100%,100%,t
36654052,Jeremy,2015-06-24,within an hour,100%,100%,f
36896503,Doug,2015-06-27,within an hour,100%,100%,f
36912090,Yidian,2015-06-28,within an hour,100%,100%,t
3695109,John & Sarah,2012-09-27,a few days or more,33%,100%,t
37077010,Annie,2015-06-29,within an hour,100%,100%,f
37087453,Sare,2015-06-29,within a day,50%,100%,f
37103749,Jorge,2015-06-30,within a few hours,100%,100%,f
3712110,Sheeba,2012-09-29,within a few hours,100%,100%,f
37151043,Jessica,2015-06-30,within an hour,100%,100%,t
37224930,Ann,2015-07-01,within an hour,100%,100%,f
37283489,Debbie,2015-07-02,within an hour,100%,100%,f
3731681,Cameron,2012-10-02,within a day,100%,100%,f
37355259,Khadija,2015-07-02,within a day,100%,100%,f
3737272,Cheryl & Steve,2012-10-02,within an hour,100%,100%,f
37373833,Minh-Chau,2015-07-03,within an hour,100%,100%,t
37376726,Garrett,2015-07-03,within an hour,100%,100%,f
37423892,Kevin,2015-07-03,within an hour,100%,100%,f
37453523,Emily,2015-07-04,within a few hours,75%,100%,f
374596,Sarah,2011-02-02,within a day,90%,100%,f
37479633,Shannon,2015-07-04,within a few hours,100%,100%,f
37512848,Michele,2015-07-04,within a few hours,100%,100%,t
37518072,Brian,2015-07-04,within an hour,100%,100%,f
3751963,Alan & Katence,2012-10-03,within a day,100%,100%,f
3752499,Donna,2012-10-04,within an hour,100%,100%,t
37525888,Walter,2015-07-05,within an hour,100%,100%,f
37584695,Jonathan,2015-07-05,within an hour,100%,100%,f
37686877,Kelly,2015-07-06,within an hour,100%,100%,f
37720556,Brett,2015-07-06,within an hour,90%,100%,f
37723023,Deb,2015-07-06,within a day,50%,100%,f
37727926,James,2015-07-06,within an hour,80%,100%,f
37795322,Mie,2015-07-07,within a few hours,100%,100%,f
37801519,Jackie,2015-07-07,within a few hours,100%,100%,f
37883624,Jason,2015-07-08,within a day,50%,100%,t
37913323,Molly,2015-07-08,within a day,100%,100%,t
379533,Tina,2011-02-06,within an hour,100%,100%,t
38014746,Desiree,2015-07-09,within a day,89%,100%,f
38027634,Charlie,2015-07-09,within an hour,100%,100%,f
38089313,Madison,2015-07-10,within a day,75%,100%,f
38090170,Bobby,2015-07-10,within a few hours,90%,100%,t
3819432,Jane,2012-10-09,within an hour,100%,100%,f
38206131,Kasia,2015-07-12,within a few hours,100%,100%,t
38224565,Stella,2015-07-12,within a few hours,100%,100%,f
382286,Emily,2011-02-08,within a few hours,100%,100%,f
38271728,Emily,2015-07-12,within an hour,100%,100%,t
383230,Jessica,2011-02-08,within an hour,100%,100%,f
38370991,Joel And Sarah,2015-07-13,within an hour,100%,100%,f
38387642,Jennifer,2015-07-13,within an hour,100%,100%,f
3839959,Jayson,2012-10-11,within a day,86%,100%,f
3844024,Holly,2012-10-12,within a few hours,100%,100%,f
38463938,O,2015-07-14,within a day,90%,100%,f
38471924,Brodie,2015-07-14,within an hour,100%,100%,f
38474213,Jessie,2015-07-14,within an hour,92%,100%,t
38502645,Ron,2015-07-14,within an hour,100%,100%,t
38514732,Lars,2015-07-14,within an hour,91%,100%,f
386308,Amelia,2011-02-10,within an hour,100%,100%,f
38669130,Michaela,2015-07-16,within an hour,100%,100%,t
38679095,Nazar,2015-07-16,within an hour,100%,100%,f
38755112,Wallace,2015-07-17,within a few hours,100%,100%,f
38922755,Lu,2015-07-19,within a day,100%,100%,f
3896863,Susanna And Ricki,2012-10-17,within a few hours,53%,100%,f
39026781,Eliza,2015-07-20,within a few hours,100%,100%,f
39037843,Joseph,2015-07-20,within an hour,75%,100%,f
3906464,Amy,2012-10-17,within a few hours,100%,100%,f
39170884,Smadar,2015-07-21,within an hour,90%,100%,f
39243231,Meg,2015-07-22,within a few hours,100%,100%,f
39284820,Mandy,2015-07-22,within an hour,100%,100%,f
39289896,Briar,2015-07-22,within an hour,80%,100%,f
3932149,Amy,2012-10-20,within an hour,88%,100%,f
39401590,Brian,2015-07-24,within an hour,100%,100%,f
39456755,Jenifer,2015-07-24,within a few hours,90%,100%,f
39472587,Kelly,2015-07-24,within an hour,100%,100%,f
3948039,Christine,2012-10-22,within a few hours,100%,100%,f
39485528,Sandra,2015-07-25,within an hour,100%,100%,f
39486339,Jessica,2015-07-25,within an hour,90%,100%,f
39525512,Cristina,2015-07-25,within an hour,100%,100%,f
3954802,Omar,2012-10-23,within a day,100%,100%,f
39607395,Elizabeth,2015-07-26,within a day,100%,100%,f
398005,Trevor,2011-02-18,within an hour,100%,100%,f
39833154,Gabbi,2015-07-28,within an hour,100%,100%,f
39839653,Lisa Marie,2015-07-28,within an hour,100%,100%,f
39863754,Micah Alyn,2015-07-28,a few days or more,43%,100%,f
39878844,Emily,2015-07-29,within an hour,100%,100%,f
39884676,Will,2015-07-29,within an hour,100%,100%,f
39941734,Lynn,2015-07-29,within a day,100%,100%,f
39969773,BÃ©atrice,2015-07-29,within a few hours,100%,100%,f
39970532,Ian,2015-07-29,within a day,100%,100%,f
3997252,Amy,2012-10-28,within a day,60%,100%,t
40032160,Irina,2015-07-30,within a day,50%,100%,f
4006201,Brian,2012-10-29,within a day,100%,100%,f
40122496,David,2015-07-31,within a few hours,100%,100%,f
40215306,Katie,2015-08-01,within an hour,100%,100%,t
4041295,Joel,2012-11-02,within a few hours,80%,100%,f
40548312,Angela,2015-08-04,within an hour,100%,100%,t
40550531,Kim,2015-08-05,within an hour,100%,100%,f
4057441,Kt,2012-11-04,within an hour,100%,100%,f
40594184,Nora,2015-08-05,within a few hours,100%,100%,f
406209,Kathleen,2011-02-23,within a day,100%,100%,f
40638620,Cassandra,2015-08-05,within a day,67%,100%,f
4071088,David,2012-11-05,within an hour,100%,100%,f
40716728,Brittany & Daniel,2015-08-06,within an hour,100%,100%,f
40733844,Trilby,2015-08-06,within a few hours,100%,100%,t
40746071,Darrin,2015-08-06,within an hour,100%,100%,f
40753107,Leela,2015-08-07,within a day,100%,100%,f
40879225,Theresa And CB,2015-08-08,within a few hours,100%,100%,f
40885963,Michael,2015-08-08,within an hour,100%,100%,f
409899,Eleanor,2011-02-25,within an hour,100%,100%,t
41005568,Chad,2015-08-09,within an hour,100%,100%,f
4105278,Cole,2012-11-09,within an hour,100%,100%,t
41055891,Kelly,2015-08-10,within an hour,90%,100%,f
41056418,Andy And Betty,2015-08-10,within an hour,100%,100%,f
4111150,Jake,2012-11-10,within a day,100%,100%,f
41112217,Steven,2015-08-10,within an hour,100%,100%,f
41178788,Ronda,2015-08-11,within an hour,100%,100%,f
41193990,Julia,2015-08-11,within an hour,100%,100%,f
41208377,Brad,2015-08-11,within a few hours,90%,100%,f
41319913,Cousin,2015-08-12,within an hour,100%,100%,t
41322124,Carla,2015-08-12,within an hour,100%,100%,f
4133943,Jill,2012-11-12,within a few hours,100%,100%,f
41392507,Tommy And Elise,2015-08-13,within a few hours,100%,100%,f
41402752,Kendall,2015-08-13,within an hour,100%,100%,f
4142902,Heath,2012-11-13,within a few hours,100%,100%,f
41431805,Meeka And Tony,2015-08-14,within an hour,100%,100%,f
41487915,Eric,2015-08-14,within an hour,100%,100%,f
4152568,Barrie,2012-11-14,within a day,100%,100%,f
4160438,Evan,2012-11-15,within a few hours,100%,100%,t
41612343,Emily,2015-08-16,within a day,50%,100%,f
4181120,Candace,2012-11-18,within a few hours,100%,100%,f
41823177,Phuc,2015-08-18,within a day,75%,100%,f
41846073,Pamela,2015-08-18,within a few hours,67%,100%,f
4186078,Trung,2012-11-18,within a few hours,100%,100%,f
41879983,Rebecca,2015-08-19,within a few hours,100%,100%,f
41925688,Caitlin,2015-08-19,within an hour,100%,100%,f
41935728,Shane,2015-08-19,within an hour,100%,100%,f
4194079,Lisa,2012-11-19,within an hour,100%,100%,t
41958382,Mae,2015-08-19,within an hour,67%,100%,f
4199445,Liam,2012-11-20,within an hour,100%,100%,t
42047742,Colt,2015-08-20,within an hour,100%,100%,f
42063487,Cindy,2015-08-20,within an hour,100%,100%,f
42146727,Alison And Crai,2015-08-21,within an hour,100%,100%,f
42273230,Madeleine,2015-08-23,within a day,100%,100%,f
42317546,William,2015-08-23,within an hour,100%,100%,f
42393640,Jonelle,2015-08-24,within a few hours,100%,100%,f
42419614,Chase,2015-08-24,within an hour,100%,100%,f
42436525,William,2015-08-25,within a few hours,89%,100%,f
42446972,Laura,2015-08-25,within a few hours,93%,100%,f
42509172,Kelly,2015-08-25,within an hour,100%,100%,f
42518664,Ryan,2015-08-25,within an hour,100%,100%,f
4252500,Max,2012-11-26,within a few hours,100%,100%,f
42529996,Jones,2015-08-25,within an hour,100%,100%,f
42591641,Asher,2015-08-26,within an hour,100%,100%,f
42607918,Carla,2015-08-26,within an hour,100%,100%,f
42608911,Jared,2015-08-26,within a few hours,100%,100%,f
42612839,Leela,2015-08-26,within an hour,100%,100%,f
42640004,Rebecca,2015-08-26,within an hour,100%,100%,f
42645036,Loubna,2015-08-27,within an hour,100%,100%,f
42719719,Julia & Bjarni,2015-08-27,within an hour,100%,100%,f
42724337,Magdalena,2015-08-27,within a few hours,90%,100%,f
4283892,Len,2012-11-29,within an hour,100%,100%,f
42865055,Brooks,2015-08-29,within a day,89%,100%,f
42873852,Melissa,2015-08-30,within an hour,100%,100%,f
42931985,Josh,2015-08-30,within a few hours,100%,100%,f
42940083,Rick,2015-08-30,within an hour,90%,100%,f
42941938,Sandra,2015-08-30,within an hour,100%,100%,f
4299635,Robin,2012-12-02,within an hour,100%,100%,f
43014741,Chelsy,2015-08-31,within an hour,100%,100%,f
43039185,Anette,2015-08-31,within an hour,100%,100%,f
43053036,Andrew,2015-09-01,within an hour,100%,100%,f
43137237,LeRoy,2015-09-01,within a few hours,100%,100%,f
43144386,Lawrence,2015-09-02,within a day,67%,100%,f
43220022,Jordan,2015-09-02,within a few hours,90%,100%,f
43225269,Holly,2015-09-02,within an hour,100%,100%,f
43229398,Camellia,2015-09-03,within a few hours,100%,100%,f
43423039,Suzanne,2015-09-05,within a day,60%,100%,f
4343945,Megan,2015-06-25,within a day,67%,100%,f
43483497,Sumie,2015-09-06,within an hour,100%,100%,f
4351330,Terry,2012-12-07,within an hour,100%,100%,f
43606065,Maureen,2015-09-07,within a few hours,100%,100%,f
43625956,Jessica,2015-09-07,within a few hours,100%,100%,f
4366731,Jenny,2012-12-09,within a day,67%,100%,f
437055,Jyoti,2011-03-12,within an hour,100%,100%,f
43795299,Rob And Ann,2015-09-09,within an hour,100%,100%,f
43818412,Gayne,2015-09-09,within a day,100%,100%,f
43958809,Brett,2015-09-11,within a day,50%,100%,f
43963978,Dick,2015-09-11,within an hour,100%,100%,f
44101586,Regina,2015-09-13,within a day,100%,100%,f
44157998,Yasmeen,2015-09-14,within an hour,100%,100%,f
44186779,Margaret,2015-09-14,within an hour,100%,100%,f
44222821,Tracey,2015-09-15,within a few hours,90%,100%,f
44340751,Susan,2015-09-16,within an hour,100%,100%,f
44360796,Kj,2015-09-16,within an hour,100%,100%,f
4448620,Moon,2012-12-20,within an hour,100%,100%,t
44510434,Bill,2015-09-18,within a few hours,100%,100%,f
44623605,Connor,2015-09-19,within a few hours,89%,100%,f
44772726,Dan,2015-09-21,within a few hours,100%,100%,f
44801828,Kelli,2015-09-22,within an hour,100%,100%,f
44846373,Kevin,2015-09-22,within a day,100%,100%,f
44907,Brian,2009-10-10,within an hour,100%,100%,f
4500127,Michael Joseph,2012-12-26,a few days or more,40%,100%,f
45036461,Justin,2015-09-24,within a few hours,100%,100%,f
45084253,Campbell,2015-09-25,within an hour,100%,100%,f
45096683,Terri,2015-09-25,within an hour,90%,100%,f
45189332,Shawn,2015-09-27,within a few hours,100%,100%,f
4532827,Dani,2012-12-30,within a day,100%,100%,f
45328434,Kerry,2015-09-29,within an hour,100%,100%,f
4540636,Tri,2012-12-31,within a day,100%,100%,f
45437387,Jon,2015-09-30,within a day,50%,100%,f
45479019,Leif,2015-09-30,within a few hours,100%,100%,f
45599307,Jim,2015-10-02,within a few hours,100%,100%,f
45601796,Mike,2015-10-02,within a few hours,80%,100%,f
45617021,Kurt,2015-10-02,within a few hours,80%,100%,f
4570545,Tony,2013-01-03,within an hour,100%,100%,f
457358,Tanya,2011-03-22,within a day,100%,100%,f
45781945,Wesley,2015-10-05,within an hour,100%,100%,f
45834046,Daniel,2015-10-05,within a few hours,100%,100%,f
45859720,Brad,2015-10-05,within an hour,100%,100%,f
45917623,Rah,2015-10-06,within an hour,100%,100%,f
45960572,Brent,2015-10-07,within an hour,100%,100%,f
46019955,Janny,2015-10-07,within an hour,100%,100%,f
46041428,Tom,2015-10-08,within a day,100%,100%,f
46042257,Josh,2015-10-08,within an hour,100%,100%,f
4606439,Nadia,2013-01-06,within a few hours,100%,100%,f
4610250,Elyse And Earl,2013-01-06,within a few hours,100%,100%,t
46108145,Mary,2015-10-08,within a few hours,100%,100%,f
46246090,Christopher,2015-10-10,within an hour,100%,100%,f
4630668,Kate & Danny,2013-01-08,within a few hours,100%,100%,f
46308811,Barbara,2015-10-11,within a day,100%,100%,f
46325167,Dereck,2015-10-11,within a few hours,100%,100%,f
46337971,Sarah,2015-10-12,within an hour,100%,100%,f
46422666,Michael,2015-10-12,within an hour,100%,100%,f
46423635,Tamara,2015-10-12,within a day,100%,100%,f
46428878,Curtis,2015-10-13,within a few hours,100%,100%,f
46566046,Glen,2015-10-14,within an hour,100%,100%,f
46577793,Katie,2015-10-14,within an hour,100%,100%,f
46595747,Matthew,2015-10-14,within a day,91%,100%,f
46619432,Michael,2015-10-15,within a day,100%,100%,f
46642481,Conor,2015-10-15,within a day,100%,100%,f
466499,Elizabeth,2011-03-27,within a day,100%,100%,f
46675077,Susanna,2015-10-16,within a day,100%,100%,f
46678624,Jane,2015-10-16,within an hour,100%,100%,f
4678869,Errin,2013-01-12,within an hour,100%,100%,t
46795487,Alex,2015-10-17,within an hour,80%,100%,f
46865668,Megan,2015-10-18,within an hour,100%,100%,f
46954097,Nell & Andreas,2015-10-19,within an hour,67%,100%,f
469819,Tina,2011-03-29,within an hour,100%,100%,f
4705328,Lisa,2013-01-14,within a few hours,100%,100%,f
47064683,Brook And Cat,2015-10-20,within an hour,100%,100%,f
471246,Cameron,2011-03-29,within an hour,67%,100%,t
4716190,Timothy,2013-01-15,within an hour,100%,100%,t
4726215,Al,2013-01-16,within a few hours,100%,100%,t
47266156,Daniel,2015-10-23,within a day,100%,100%,f
4729705,Rob And Carol,2013-01-16,within a few hours,100%,100%,t
47332984,Keith,2015-10-24,within an hour,100%,100%,f
47394683,Caren,2015-10-25,within a few hours,100%,100%,f
47402064,Kathryn,2015-10-25,within a day,80%,100%,f
47418921,Alex,2015-10-25,within an hour,100%,100%,f
47428920,Kevin,2015-10-25,within an hour,100%,100%,f
4746283,Nadine,2013-01-17,within an hour,100%,100%,f
47573170,Kristin,2015-10-27,within an hour,100%,100%,f
47588576,Will,2015-10-27,within a day,100%,100%,f
476303,Carol,2011-03-31,within an hour,100%,100%,f
47638002,Devon,2015-10-28,within a day,100%,100%,f
47653354,Lulsged,2015-10-28,within a day,100%,100%,f
47836649,Francesca,2015-10-31,within a day,70%,100%,f
47929873,Brent,2015-11-01,within an hour,100%,100%,f
47930029,Posy,2015-11-01,within an hour,100%,100%,f
4793121,Lauren,2013-01-21,within a few hours,100%,100%,t
47941400,Tony,2015-11-01,within a few hours,100%,100%,f
47978936,Jim,2015-11-02,within a few hours,83%,100%,f
48010503,Jared,2015-11-02,within an hour,100%,100%,f
48025941,Lauren,2015-11-02,within an hour,100%,100%,f
4807375,Jayne,2013-01-22,within a few hours,100%,100%,t
48088339,Maja,2015-11-03,within an hour,100%,100%,f
4810767,Joshua,2013-01-22,within an hour,100%,100%,f
48196470,Jeremiah,2015-11-04,within a few hours,100%,100%,f
48334442,Bre,2015-11-06,within an hour,100%,100%,f
48345118,Cynthia,2015-11-06,within a few hours,90%,100%,f
48414763,Blake,2015-11-07,within an hour,100%,100%,f
48416955,Jennifer,2015-11-07,within an hour,89%,100%,f
48509183,Amiee,2015-11-08,within a few hours,91%,100%,f
4855968,Emily,2013-01-26,within a day,100%,100%,t
48638331,Sharayah,2015-11-10,within an hour,100%,100%,f
4873557,Beth,2013-01-27,within a few hours,100%,100%,t
48789316,Rodney,2015-11-11,within a few hours,100%,100%,f
48891432,Pauline,2015-11-12,within an hour,100%,100%,f
48964209,Kara,2015-11-13,within a day,88%,100%,f
4901731,Joachim,2013-01-30,within a day,100%,100%,f
49123244,Charlie,2015-11-15,within a few hours,90%,100%,f
49182357,Colleen,2015-11-16,within a few hours,100%,100%,f
49259789,Khaled,2015-11-17,within a few hours,100%,100%,f
49265281,Tyler,2015-11-17,within an hour,100%,100%,f
49275349,Ash,2015-11-17,within an hour,90%,100%,f
49292151,Paul & Izabela,2015-11-17,within an hour,100%,100%,f
49310311,Katharine,2015-11-18,within an hour,100%,100%,f
4933168,Jeff,2013-02-01,within a day,80%,100%,f
49371015,Geoff,2015-11-18,within a few hours,83%,100%,f
49380640,John,2015-11-18,within a day,50%,100%,f
49432912,Alberto,2015-11-19,within a few hours,100%,100%,f
4944541,Nick,2013-02-03,within an hour,100%,100%,t
49515693,John,2015-11-20,within a few hours,100%,100%,f
4970133,Paula,2013-02-05,within a few hours,100%,100%,t
49732402,David,2015-11-23,within a few hours,100%,100%,f
49761005,Emily,2015-11-24,within a few hours,100%,100%,f
49799519,Oriana,2015-11-24,within a day,50%,100%,f
49834917,Kristine,2015-11-25,within an hour,100%,100%,f
49890833,Pauline,2015-11-25,within a day,65%,100%,f
4993638,Freddie,2013-02-06,within a few hours,100%,100%,f
5011779,Karin,2013-02-08,within an hour,100%,100%,f
50224557,Rebecca,2015-11-30,within an hour,100%,100%,f
50225118,Jadine,2015-11-30,within an hour,100%,100%,f
50236885,Elise,2015-11-30,within a few hours,78%,100%,f
5029583,Kate,2013-02-09,within a day,100%,100%,f
5038407,Rebecca,2013-02-10,within a day,60%,100%,f
50487726,Abigail & Justin,2015-12-03,within an hour,100%,100%,f
5049037,Wendy,2013-02-11,within a few hours,86%,100%,f
50554731,Irvin,2015-12-05,within a few hours,100%,100%,f
50586425,Melissa,2015-12-05,within an hour,100%,100%,f
50596206,Jeanine,2015-12-05,within a few hours,100%,100%,f
50763436,Josh,2015-12-07,within a few hours,100%,100%,f
5079733,Eula & Marvin,2013-02-13,within an hour,100%,100%,f
50915624,Ashley,2015-12-09,within a day,80%,100%,f
50943410,Don,2015-12-09,within a few hours,100%,100%,f
5098788,Courtney & Adam,2013-02-15,within an hour,100%,100%,t
51081172,Audra,2015-12-11,within a few hours,80%,100%,f
512084,Edwin,2011-04-15,within an hour,100%,100%,t
512103,Mari,2011-04-15,within a day,60%,100%,f
51344613,Marissa,2015-12-14,within an hour,100%,100%,f
51372899,Rachel,2015-12-14,within an hour,83%,100%,f
5137566,Bonnie,2013-02-18,within a few hours,100%,100%,f
51433714,Chris,2015-12-15,within an hour,100%,100%,f
5164455,Matan,2013-02-20,within a few hours,100%,100%,f
51875760,Anand,2015-12-21,within a few hours,100%,100%,f
52012565,Jeannine,2015-12-22,within an hour,100%,100%,f
5203265,Kelli,2013-02-24,within an hour,100%,100%,f
5214978,Bruce & Shannon,2013-02-24,within a day,100%,100%,t
5241841,Viola,2013-02-26,within a few hours,100%,100%,f
5246897,Tom,2013-02-27,within a few hours,100%,100%,f
5260336,Jennifer,2013-02-28,within a few hours,100%,100%,f
5269812,Rachel,2013-02-28,within a few hours,100%,100%,f
5275075,Andrew,2013-03-01,within a day,75%,100%,f
5282519,Elizabeth,2013-03-01,within a few hours,100%,100%,f
5295850,Kelsey,2013-03-03,within a day,100%,100%,f
5312600,Rainer,2013-03-04,within a few hours,100%,100%,t
5320481,Cynthia,2013-03-04,within an hour,100%,100%,f
5326074,Mckinzy,2013-03-04,within a few hours,100%,100%,f
534587,Cynthia,2011-04-25,within an hour,100%,100%,f
5371112,Donghwan,2013-03-08,within an hour,100%,100%,t
539515,Shari,2011-04-27,within an hour,100%,100%,f
5407579,Gina,2013-03-10,within a few hours,100%,100%,t
541908,Mary,2011-04-28,within an hour,100%,100%,t
5425175,Nina,2013-03-12,within an hour,100%,100%,t
5435488,Valerie,2013-03-12,within an hour,100%,100%,f
5463707,Gilad,2013-03-14,within an hour,100%,100%,f
5468524,Tom,2013-03-14,within a few hours,100%,100%,f
5468952,Jennifer,2013-03-15,within an hour,100%,100%,f
5474268,Maya,2013-03-15,within an hour,100%,100%,f
5486919,Nicole,2013-03-16,within a few hours,86%,100%,f
5486995,Tayyab,2013-03-16,within a few hours,100%,100%,t
5493132,Karim,2013-03-17,within an hour,71%,100%,f
554458,Sarah And Andrew,2011-05-03,within an hour,100%,100%,t
5544855,Ania,2013-03-20,within an hour,100%,100%,f
5570496,Jackie,2013-03-22,within an hour,100%,100%,f
5589030,Daniel,2013-03-23,within a few hours,100%,100%,f
560743,Zachary,2011-05-05,within a day,100%,100%,f
561271,Perrin,2011-05-05,within a day,100%,100%,f
5656763,Elizabeth,2013-03-27,within a day,88%,100%,t
5658605,Schuyler,2013-03-27,within an hour,100%,100%,f
566102,Eve,2011-05-07,within a few hours,100%,100%,t
5679192,Ryan,2013-03-29,within a day,100%,100%,f
5681275,Sauhard,2013-03-29,a few days or more,33%,100%,f
5720753,Nick,2013-04-01,within an hour,100%,100%,f
5721704,Martin,2013-04-01,within a day,100%,100%,f
5724883,Lillian,2013-04-01,within an hour,100%,100%,f
5730719,Jeffery,2013-04-02,within an hour,100%,100%,t
5736221,Lene & Johnny,2013-04-02,within an hour,100%,100%,f
5774906,Carter,2013-04-04,within an hour,100%,100%,t
5776729,Ballard Odd Fellows,2013-04-04,within an hour,90%,100%,t
5779421,Kevin,2013-04-05,within an hour,100%,100%,f
5791843,Ashley,2013-04-05,within a few hours,100%,100%,f
579854,Sharon,2011-05-11,within an hour,100%,100%,t
5806502,Jordan,2013-04-07,within a few hours,100%,100%,f
583579,Amy,2011-05-12,within a few hours,100%,100%,f
5856339,Annie,2013-04-10,within an hour,100%,100%,f
5872109,Nash,2013-04-10,within a few hours,100%,100%,f
587302,Danni,2011-05-14,within a few hours,100%,100%,t
5884790,Jed,2013-04-11,within a few hours,100%,100%,f
589855,Johnny,2011-05-15,within an hour,100%,100%,f
5908266,Sarah,2013-04-13,within an hour,100%,100%,f
5934694,Hannah,2013-04-15,within an hour,100%,100%,f
5941255,Seattle Unique Loft,2013-04-15,within an hour,100%,100%,f
594315,Jana,2011-05-16,within a few hours,100%,100%,f
5946086,Laura,2013-04-16,within a few hours,90%,100%,f
595074,Jillian And Lorin,2011-05-16,within an hour,100%,100%,t
595263,Matt,2011-05-16,within an hour,100%,100%,f
5976789,Toby,2013-04-17,within a few hours,100%,100%,f
5976835,Susannah,2013-04-17,within a day,50%,100%,f
597729,Diane,2011-05-17,within an hour,100%,100%,t
598892,Winnie,2011-05-18,within a day,100%,100%,f
5992456,Hannah,2013-04-18,within a day,100%,100%,f
601236,Meg,2011-05-18,within a day,60%,100%,f
601266,Pam And Tim,2011-05-18,within a few hours,100%,100%,f
6031552,Jeanie,2013-04-21,within a few hours,100%,100%,f
6034195,Andree,2013-04-22,within a day,90%,100%,f
6047879,Elizabeth,2013-04-22,within an hour,90%,100%,f
6057750,Stephen & Cindy,2013-04-23,within a day,100%,100%,t
6082692,Owen,2013-04-24,within an hour,100%,100%,t
6092148,Christo,2013-04-25,within a few hours,100%,100%,f
6120181,Suzanne And Craig,2013-04-27,within an hour,100%,100%,t
6146718,Laine,2013-04-29,within a day,67%,100%,f
6152910,Christy,2013-04-29,within an hour,100%,100%,t
6162826,Jenna,2013-04-30,within a day,100%,100%,f
6184895,Lana,2013-05-01,within an hour,71%,100%,f
6207,Cory & Amanda,2009-01-08,within an hour,100%,100%,t
621691,Rachael,2011-05-24,within a few hours,100%,100%,f
6278931,Jessie Rey & Maketa,2013-05-07,within a few hours,100%,100%,f
6281824,Jessica,2013-05-08,within a day,67%,100%,f
6288119,Bretton,2013-05-08,within a few hours,100%,100%,f
6291476,Camilla,2013-05-08,within a few hours,88%,100%,f
6296335,Fleur,2013-05-08,within a day,100%,100%,f
6305984,Sarah,2013-05-09,within a few hours,100%,100%,f
6327925,Marco,2013-05-10,within a few hours,100%,100%,f
6349747,Joanne And Jeffrey,2013-05-12,within an hour,90%,100%,t
6350194,Raven,2013-05-12,within an hour,100%,100%,t
6393323,Thomas And Leona,2013-05-14,within an hour,100%,100%,t
6397518,Sean,2013-05-14,within an hour,100%,100%,t
640731,Dan And Natalia,2011-05-29,within an hour,100%,100%,f
6421859,Rosemary,2013-05-16,within an hour,100%,100%,f
6428916,Javier & Yeon,2013-05-16,within an hour,100%,100%,t
6431924,Shawn & Lakshmi,2013-05-16,within an hour,100%,100%,f
6432638,Ari,2013-05-16,within a day,60%,100%,f
6433045,Genjo,2013-05-17,within an hour,100%,100%,f
6453002,Shontina,2013-05-18,within a few hours,67%,100%,f
6458694,Mary,2013-05-18,within a few hours,100%,100%,t
6494908,Melissa,2013-05-21,within a few hours,100%,100%,t
6530057,Chelsea,2013-05-22,within an hour,100%,100%,t
6533205,Lauren,2013-05-23,within a few hours,100%,100%,f
6565884,Katie,2013-05-25,within a day,100%,100%,f
6568374,Bryan,2013-05-25,within a few hours,100%,100%,f
6569937,Glenn,2013-05-25,within a day,75%,100%,f
6576807,Karen,2013-05-26,within a few hours,100%,100%,t
6577391,Sung Joon,2013-05-26,within an hour,100%,100%,f
6592975,Huong And Bill,2013-05-27,within an hour,100%,100%,f
6601753,Isabel,2013-05-27,within an hour,88%,100%,f
6614779,Alex,2013-05-28,within an hour,100%,100%,f
6618367,Desert,2013-05-28,within a day,100%,100%,f
6622693,Teresa,2013-05-28,within an hour,90%,100%,f
6645401,Jess,2013-05-29,within an hour,100%,100%,f
6645576,Janet,2013-05-29,within an hour,100%,100%,f
6654033,"April, Mike, And Maggie",2013-05-30,within a few hours,100%,100%,t
6667088,Camille,2013-05-31,within a few hours,100%,100%,t
6668610,Don,2013-05-31,within a few hours,100%,100%,f
6671256,Sam,2013-05-31,within an hour,100%,100%,f
6674981,Jill & Jerome,2013-05-31,within a day,100%,100%,t
6678025,Dustin,2013-06-01,within a few hours,100%,100%,f
6680836,Dimple,2013-06-01,a few days or more,43%,100%,f
668141,Jennifer,2011-06-05,within a few hours,100%,100%,t
6719697,Claire L,2013-06-03,within a few hours,100%,100%,f
6725021,Bruce,2013-06-03,within an hour,100%,100%,f
673805,Amy,2011-06-07,within a day,100%,100%,t
6758953,Mylien,2013-06-05,within an hour,100%,100%,f
6762829,Sonal,2013-06-05,within an hour,100%,100%,f
680066,Julie,2011-06-08,within a few hours,88%,100%,f
6807326,Jenny,2013-06-08,within an hour,100%,100%,t
6808886,Morgan,2013-06-09,within a day,50%,100%,f
681242,Heather,2011-06-09,within a few hours,100%,100%,f
68155,Lori,2010-01-06,within a few hours,100%,100%,f
683617,Jana,2011-06-09,within a day,75%,100%,t
68389,Elle,2010-01-06,within a day,100%,100%,f
6846442,Laurie,2013-06-10,within a few hours,100%,100%,t
68641,Angela,2010-01-07,within a day,70%,100%,f
6883532,Katharine,2013-06-12,within a few hours,100%,100%,f
6933188,Jeannette,2013-06-16,within an hour,100%,100%,f
696788,Julie,2011-06-13,within an hour,100%,100%,f
6985440,Debbie,2013-06-18,within an hour,90%,100%,t
7053059,Laura,2013-06-22,within a few hours,90%,100%,t
7076008,Ed,2013-06-23,within an hour,100%,100%,f
7096991,Pamela,2013-06-24,within an hour,100%,100%,f
7129890,Erica,2013-06-26,within a day,50%,100%,f
7182858,Anj,2013-06-29,within an hour,100%,100%,f
7207028,John,2013-06-30,within an hour,100%,100%,f
721070,Suzanne,2011-06-20,within an hour,100%,100%,f
7227474,Roger,2013-07-01,a few days or more,25%,100%,f
7237936,Mostafa,2013-07-02,within an hour,100%,100%,f
7274409,Kelly,2013-07-04,within a few hours,100%,100%,f
7290828,Steve,2013-07-04,within an hour,100%,100%,f
7307064,Beth,2013-07-05,within a day,86%,100%,t
7319622,Darren & Stephanie,2013-07-06,within a few hours,90%,100%,t
7325453,Clare,2013-07-07,within a day,89%,100%,f
7352976,Jack,2013-07-08,within a few hours,100%,100%,f
7354398,Jesse,2013-07-08,within a day,100%,100%,f
7376011,Barbara,2013-07-09,within a day,100%,100%,f
7379061,Amy,2013-07-09,within a few hours,100%,100%,f
7402289,Leia,2013-07-10,within an hour,100%,100%,t
7431966,Tim,2013-07-11,within an hour,100%,100%,f
7441000,Carrie,2013-07-12,within a few hours,100%,100%,f
7448641,Merve,2013-07-12,within an hour,100%,100%,f
7465403,Dragan,2013-07-13,within an hour,100%,100%,f
7466082,Vera,2013-07-13,within an hour,100%,100%,t
7468167,Susanna & Patrick,2013-07-14,within an hour,100%,100%,t
7475488,Ericka,2013-07-14,within an hour,100%,100%,f
7488822,Bernard,2013-07-15,within an hour,100%,100%,t
750650,Sandy,2011-06-27,within an hour,100%,100%,f
7556974,Peggy,2013-07-17,within an hour,100%,100%,f
756099,Carie,2011-06-28,within an hour,100%,100%,f
759949,Marcia,2011-06-29,within a few hours,100%,100%,t
7606108,Lana,2013-07-20,within a few hours,100%,100%,t
7612120,Daniel,2013-07-20,within an hour,100%,100%,f
7613050,Jeanna,2013-07-20,within an hour,100%,100%,t
7637853,Gabe,2013-07-22,within an hour,100%,100%,f
765012,Hernan,2011-07-01,within an hour,100%,100%,f
7688686,Cecilia,2013-07-24,within a day,100%,100%,f
769622,Gil,2011-07-02,within a few hours,100%,100%,f
7696606,Corey,2013-07-24,within a day,100%,100%,f
7700277,Z.,2013-07-24,within a few hours,71%,100%,f
7703876,Susan,2013-07-24,within a day,86%,100%,f
7719034,Shae,2013-07-25,within a few hours,89%,100%,f
7727480,Melanie/Brian,2013-07-25,within a few hours,100%,100%,f
7728376,Jarad,2013-07-25,a few days or more,33%,100%,f
7740890,Daniel,2013-07-26,within an hour,100%,100%,t
7782878,Sarah,2013-07-28,within a few hours,100%,100%,t
7796684,Susan,2013-07-29,within an hour,100%,100%,t
7804761,Yvonne,2013-07-29,within a day,100%,100%,t
7849723,Brian,2013-07-31,within a few hours,100%,100%,t
7942577,Archana,2013-08-05,within an hour,100%,100%,f
7942852,Jeff,2013-08-05,within a few hours,100%,100%,f
7953876,Caleb,2013-08-05,within an hour,100%,100%,f
7963866,Rob,2013-08-05,within an hour,100%,100%,t
7979440,Ana,2013-08-06,within a day,100%,100%,f
8012712,Michele,2013-08-07,within an hour,90%,100%,f
8053792,Diane,2013-08-09,within an hour,100%,100%,t
8083183,Joni,2013-08-11,within an hour,100%,100%,t
811494,Alexis,2011-07-12,within an hour,100%,100%,f
8117374,Cody,2013-08-12,within a few hours,100%,100%,f
8118817,Tracy,2013-08-12,within a few hours,100%,100%,f
8136493,Grant,2013-08-13,within an hour,100%,100%,f
8141738,Keith,2013-08-13,within a day,75%,100%,f
8200345,Rachel,2013-08-16,within an hour,100%,100%,t
8201710,Rodrigo,2013-08-16,within an hour,100%,100%,t
8204725,Christine,2013-08-16,within an hour,100%,100%,f
8206519,Rebecca,2013-08-16,within an hour,100%,100%,f
8242272,Debera,2013-08-18,within a few hours,100%,100%,f
8245715,Kate,2013-08-19,within an hour,100%,100%,f
8263503,Wade,2013-08-19,within an hour,100%,100%,f
828164,Emily,2011-07-16,within an hour,80%,100%,f
8303342,Michael,2013-08-21,within an hour,100%,100%,t
830508,Doug And Lori,2011-07-17,within a few hours,100%,100%,f
8306329,Brent,2013-08-21,within a day,69%,100%,f
83099,Cass,2010-02-19,within an hour,83%,100%,f
8312164,Austin,2013-08-21,within an hour,100%,100%,f
8373933,Debby,2013-08-25,within a few hours,100%,100%,t
841009,Lauren,2011-07-19,within an hour,90%,100%,f
8414513,Jared,2013-08-26,within a few hours,100%,100%,f
8422684,Evren,2013-08-26,within a day,100%,100%,f
844971,Laura,2011-07-20,within an hour,100%,100%,f
8462864,Josh,2013-08-27,within an hour,93%,100%,f
8481644,Katha,2013-08-28,within an hour,100%,100%,f
8522646,Holly,2013-08-29,within an hour,100%,100%,f
8527472,Joseph,2013-08-30,within an hour,100%,100%,f
8540901,Shawn,2013-08-30,a few days or more,40%,100%,f
8554626,Terry Logan,2013-08-31,within an hour,95%,100%,f
8556853,Daisy,2013-08-31,within an hour,100%,100%,f
8570233,Ron,2013-09-01,within an hour,100%,100%,f
8594245,Kate,2013-09-02,within an hour,100%,100%,t
8604548,Samim,2013-09-03,within a day,100%,100%,t
8607308,Lisa,2013-09-03,within an hour,100%,100%,t
8608392,Sasha,2013-09-03,within a few hours,100%,100%,f
8612866,Julie & Jeff,2013-09-03,within an hour,100%,100%,t
8614915,Yana,2013-09-03,within an hour,100%,100%,f
8616799,Kevin,2013-09-03,within an hour,100%,100%,t
8635747,Jenna,2013-09-04,within an hour,100%,100%,f
8637044,Elena,2013-09-04,within an hour,100%,100%,t
864962,Kaitlyn,2011-07-25,within a few hours,100%,100%,f
8663396,Alvin,2013-09-06,within a few hours,100%,100%,f
86885,Monica,2010-03-01,within a day,100%,100%,f
8688905,Sarah,2013-09-07,within a day,70%,100%,f
8736485,Max And Anse,2013-09-09,within an hour,100%,100%,t
8739320,Reese,2013-09-09,within a day,60%,100%,f
8758664,Freddie,2013-09-10,within a day,90%,100%,f
8759150,Jean,2013-09-10,within a few hours,88%,100%,f
8784863,Kav,2013-09-12,within an hour,100%,100%,f
8798441,Jennifer,2013-09-12,within a day,75%,100%,f
880937,Connie,2011-07-27,within a few hours,100%,100%,t
8838512,Sarah,2013-09-14,within a few hours,100%,100%,f
884680,Timothy,2011-07-28,within an hour,100%,100%,f
8849839,Amelia &  Jay,2013-09-15,within an hour,100%,100%,f
8880117,L,2013-09-16,within an hour,100%,100%,f
8899401,Bob,2013-09-17,within an hour,100%,100%,t
8905591,David,2013-09-18,within a day,100%,100%,t
8916363,Paige,2013-09-18,within an hour,100%,100%,f
8920586,Brian,2013-09-18,within a few hours,100%,100%,f
8939715,Darcy,2013-09-19,within a day,100%,100%,f
8993,Maddy,2009-03-03,within an hour,100%,100%,f
8993600,Ella,2013-09-22,within an hour,90%,100%,t
9031463,Marina,2013-09-24,within a day,50%,100%,f
9077850,Lynette,2013-09-26,within a few hours,80%,100%,f
9176068,Dan,2013-10-01,within a few hours,100%,100%,f
919364,Jeff,2011-08-04,within a few hours,90%,100%,f
919431,Patty,2011-08-04,within a few hours,100%,100%,f
9195336,Scooter,2013-10-02,within an hour,100%,100%,t
9281127,Elizabeth,2013-10-07,within an hour,100%,100%,f
9337200,Brian,2013-10-09,within an hour,100%,100%,f
9354671,Carmen,2013-10-10,within a few hours,100%,100%,t
9365736,Erin,2013-10-11,within a few hours,67%,100%,f
9435135,Sharon,2013-10-15,within a day,83%,100%,f
9435688,Maria,2013-10-15,within a day,50%,100%,f
943663,Leah,2011-08-09,within an hour,100%,100%,t
943847,Cote,2011-08-09,within a few hours,100%,100%,f
9450725,Ron,2013-10-15,within an hour,100%,100%,f
9453180,Lara,2013-10-15,within an hour,100%,100%,f
9465817,Libby,2013-10-16,within an hour,100%,100%,f
9484575,Brendon,2013-10-17,within an hour,100%,100%,t
9499722,Emily,2013-10-18,within a few hours,80%,100%,f
9508208,Michael,2013-10-18,within an hour,100%,100%,f
9510212,Chris,2013-10-19,within a day,90%,100%,f
9520139,Emily,2013-10-19,within an hour,100%,100%,f
9533123,Pam,2013-10-20,within an hour,100%,100%,t
9545321,Fran,2013-10-21,within an hour,100%,100%,t
9555983,Dennis,2013-10-21,within an hour,80%,100%,f
9560339,Barbara And Michael,2013-10-21,within an hour,100%,100%,t
9565783,David,2013-10-22,within an hour,100%,100%,f
9582031,Carolyn,2013-10-22,within a few hours,80%,100%,f
9614304,Evelyn,2013-10-24,within an hour,100%,100%,f
964658,Marina,2011-08-13,within an hour,100%,100%,f
9691769,Julia,2013-10-28,within an hour,100%,100%,f
971336,Julie,2011-08-15,within an hour,100%,100%,t
9730643,Leela,2013-10-31,within a few hours,100%,100%,f
9759010,Amanda,2013-11-01,within a few hours,100%,100%,f
9763076,Kelly,2013-11-02,within a few hours,88%,100%,t
9783390,Angelika & Jim,2013-11-03,within a few hours,100%,100%,f
9792669,Hannah,2013-11-03,within a day,90%,100%,f
9817041,Lindsay,2013-11-04,within a day,90%,100%,f
9835237,Gabriela,2013-11-05,within a few hours,75%,100%,f
9838821,Claire,2013-11-05,within a day,80%,100%,f
9840816,Matthew,2013-11-05,within an hour,100%,100%,f
9843873,Leo,2013-11-06,within a few hours,67%,100%,f
9858405,Kahyee,2013-11-06,within a few hours,100%,100%,f
9893440,Cheryl,2013-11-08,within an hour,100%,100%,f
990195,Kerry,2011-08-18,within a few hours,100%,100%,t
990692,Paul,2011-08-18,within a few hours,100%,100%,t
9929496,Nick,2013-11-10,within an hour,100%,100%,f
9931335,Laura And Hasan,2013-11-10,within an hour,100%,100%,t
9951683,Kelsey & Wes,2013-11-11,within an hour,100%,100%,t
