city,locationId,region
Trondheim,02de6394d1,Norway
Trondheim,02de6394d1,Norway
SÃƒÂ£o Paulo - 04080,0634ac8584,Sao Paulo
Leynar,1511366159,Denmark
Rio de Janeiro - 22271,1af6bdd52a,Rio de Janeiro
Rio de Janeiro - 22271,1af6bdd52a,Rio de Janeiro
Singapore,20c0b7bdab,Singapore
Singapore,20c0b7bdab,Singapore
Singapore,20c0b7bdab,Singapore
Singapore,20c0b7bdab,Singapore
Singapore,20c0b7bdab,Singapore
Singapore,20c0b7bdab,Singapore
Singapore,20c0b7bdab,Singapore
Singapore,20c0b7bdab,Singapore
Singapore,20c0b7bdab,Singapore
Singapore,20c0b7bdab,Singapore
Singapore,20c0b7bdab,Singapore
Singapore,20c0b7bdab,Singapore
Singapore,20c0b7bdab,Singapore
Singapore,20c0b7bdab,Singapore
Singapore,20c0b7bdab,Singapore
Singapore,20c0b7bdab,Singapore
Singapore,20c0b7bdab,Singapore
Singapore,20c0b7bdab,Singapore
Singapore,20c0b7bdab,Singapore
Singapore,20c0b7bdab,Singapore
Singapore,20c0b7bdab,Singapore
Singapore,20c0b7bdab,Singapore
Singapore,20c0b7bdab,Singapore
Singapore,20c0b7bdab,Singapore
Singapore,20c0b7bdab,Singapore
Singapore,20c0b7bdab,Singapore
Singapore,20c0b7bdab,Singapore
Singapore,20c0b7bdab,Singapore
Singapore,20c0b7bdab,Singapore
Singapore,20c0b7bdab,Singapore
Singapore,20c0b7bdab,Singapore
Singapore,20c0b7bdab,Singapore
Singapore,20c0b7bdab,Singapore
Singapore,20c0b7bdab,Singapore
Singapore,20c0b7bdab,Singapore
Singapore,20c0b7bdab,Singapore
Singapore,20c0b7bdab,Singapore
Singapore,20c0b7bdab,Singapore
Singapore,20c0b7bdab,Singapore
Fredericia,217de26d64,Denmark
Costa Mesa,24bc5d7bca,California
Costa Mesa,24bc5d7bca,California
SÃƒÂ£o Paulo - 01411,2bffedbb94,Sao Paulo
Hong Kong,2f488ffc82,Hong Kong
Hong Kong,2f488ffc82,Hong Kong
Hong Kong,2f488ffc82,Hong Kong
Hong Kong,2f488ffc82,Hong Kong
Hong Kong,2f488ffc82,Hong Kong
Hong Kong,2f488ffc82,Hong Kong
Hong Kong,2f488ffc82,Hong Kong
Hong Kong,2f488ffc82,Hong Kong
Hong Kong,2f488ffc82,Hong Kong
Hong Kong,2f488ffc82,Hong Kong
Hong Kong,2f488ffc82,Hong Kong
Hong Kong,2f488ffc82,Hong Kong
Hong Kong,2f488ffc82,Hong Kong
Hong Kong,2f488ffc82,Hong Kong
Hong Kong,2f488ffc82,Hong Kong
Hong Kong,2f488ffc82,Hong Kong
Hong Kong,2f488ffc82,Hong Kong
Hong Kong,2f488ffc82,Hong Kong
Hong Kong,2f488ffc82,Hong Kong
Hong Kong,2f488ffc82,Hong Kong
Hong Kong,2f488ffc82,Hong Kong
Hong Kong,2f488ffc82,Hong Kong
Hong Kong,2f488ffc82,Hong Kong
Hong Kong,2f488ffc82,Hong Kong
Hong Kong,2f488ffc82,Hong Kong
Hong Kong,2f488ffc82,Hong Kong
Hong Kong,2f488ffc82,Hong Kong
Hong Kong,2f488ffc82,Hong Kong
Hong Kong,2f488ffc82,Hong Kong
Hong Kong,2f488ffc82,Hong Kong
Hong Kong,2f488ffc82,Hong Kong
Hong Kong,2f488ffc82,Hong Kong
Hong Kong,2f488ffc82,Hong Kong
Hong Kong,2f488ffc82,Hong Kong
Hong Kong,2f488ffc82,Hong Kong
Hong Kong,2f488ffc82,Hong Kong
Hong Kong,2f488ffc82,Hong Kong
Hong Kong,2f488ffc82,Hong Kong
Hong Kong,2f488ffc82,Hong Kong
Hong Kong,2f488ffc82,Hong Kong
Hong Kong,2f488ffc82,Hong Kong
Hong Kong,2f488ffc82,Hong Kong
Hong Kong,2f488ffc82,Hong Kong
Hong Kong,2f488ffc82,Hong Kong
Hong Kong,2f488ffc82,Hong Kong
Hong Kong,2f488ffc82,Hong Kong
Hong Kong,2f488ffc82,Hong Kong
Hong Kong,2f488ffc82,Hong Kong
Hong Kong,2f488ffc82,Hong Kong
Hong Kong,2f488ffc82,Hong Kong
Hong Kong,2f488ffc82,Hong Kong
Hong Kong,2f488ffc82,Hong Kong
Hong Kong,2f488ffc82,Hong Kong
Hong Kong,2f488ffc82,Hong Kong
Hong Kong,2f488ffc82,Hong Kong
Hong Kong,2f488ffc82,Hong Kong
Hong Kong,2f488ffc82,Hong Kong
Hong Kong,2f488ffc82,Hong Kong
Hong Kong,2f488ffc82,Hong Kong
HÃƒÂ¸rve,34887a836c,Denmark
Chicago,34971b8fb1,Chicago
Chicago,34971b8fb1,Chicago
Chicago,34971b8fb1,Chicago
Chicago,34971b8fb1,Chicago
Chicago,34971b8fb1,Chicago
Chicago,34971b8fb1,Chicago
Chicago,34971b8fb1,Chicago
Chicago,34971b8fb1,Chicago
Chicago,34971b8fb1,Chicago
Chicago,34971b8fb1,Chicago
Chicago,34971b8fb1,Chicago
Chicago,34971b8fb1,Chicago
Chicago,34971b8fb1,Chicago
Chicago,34971b8fb1,Chicago
Chicago,34971b8fb1,Chicago
Chicago,34971b8fb1,Chicago
Chicago,34971b8fb1,Chicago
Chicago,34971b8fb1,Chicago
Chicago,34971b8fb1,Chicago
Chicago,34971b8fb1,Chicago
Chicago,34971b8fb1,Chicago
Chicago,34971b8fb1,Chicago
SÃƒÂ£o Paulo - 01401,3731d785af,Sao Paulo
KÃƒÂ¸benhavn,3bcfce564d,Denmark
KÃƒÂ¸benhavn,3bcfce564d,Denmark
KÃƒÂ¸benhavn,3bcfce564d,Denmark
KÃƒÂ¸benhavn,3bcfce564d,Denmark
KÃƒÂ¸benhavn,3bcfce564d,Denmark
KÃƒÂ¸benhavn,3bcfce564d,Denmark
KÃƒÂ¸benhavn,3bcfce564d,Denmark
KÃƒÂ¸benhavn,3bcfce564d,Denmark
KÃƒÂ¸benhavn,3bcfce564d,Denmark
KÃƒÂ¸benhavn,3bcfce564d,Denmark
KÃƒÂ¸benhavn,3bcfce564d,Denmark
KÃƒÂ¸benhavn,3bcfce564d,Denmark
KÃƒÂ¸benhavn,3bcfce564d,Denmark
KÃƒÂ¸benhavn,3bcfce564d,Denmark
KÃƒÂ¸benhavn,3bcfce564d,Denmark
KÃƒÂ¸benhavn,3bcfce564d,Denmark
KÃƒÂ¸benhavn,3bcfce564d,Denmark
Rio de Janeiro - 22470,3dba9604df,Rio de Janeiro
New York,3dddf7feb1,New York City
New York,3dddf7feb1,New York City
New York,3dddf7feb1,New York City
New York,3dddf7feb1,New York City
New York,3dddf7feb1,New York City
New York,3dddf7feb1,New York City
New York,3dddf7feb1,New York City
New York,3dddf7feb1,New York City
New York,3dddf7feb1,New York City
New York,3dddf7feb1,New York City
New York,3dddf7feb1,New York City
New York,3dddf7feb1,New York City
New York,3dddf7feb1,New York City
New York,3dddf7feb1,New York City
New York,3dddf7feb1,New York City
New York,3dddf7feb1,New York City
New York,3dddf7feb1,New York City
New York,3dddf7feb1,New York City
New York,3dddf7feb1,New York City
New York,3dddf7feb1,New York City
New York,3dddf7feb1,New York City
New York,3dddf7feb1,New York City
New York,3dddf7feb1,New York City
New York,3dddf7feb1,New York City
New York,3dddf7feb1,New York City
New York,3dddf7feb1,New York City
New York,3dddf7feb1,New York City
New York,3dddf7feb1,New York City
New York,3dddf7feb1,New York City
New York,3dddf7feb1,New York City
New York,3dddf7feb1,New York City
New York,3dddf7feb1,New York City
New York,3dddf7feb1,New York City
New York,3dddf7feb1,New York City
New York,3dddf7feb1,New York City
New York,3dddf7feb1,New York City
New York,3dddf7feb1,New York City
New York,3dddf7feb1,New York City
New York,3dddf7feb1,New York City
New York,3dddf7feb1,New York City
New York,3dddf7feb1,New York City
New York,3dddf7feb1,New York City
New York,3dddf7feb1,New York City
New York,3dddf7feb1,New York City
New York,3dddf7feb1,New York City
New York,3dddf7feb1,New York City
New York,3dddf7feb1,New York City
New York,3dddf7feb1,New York City
New York,3dddf7feb1,New York City
New York,3dddf7feb1,New York City
New York,3dddf7feb1,New York City
New York,3dddf7feb1,New York City
New York,3dddf7feb1,New York City
New York,3dddf7feb1,New York City
New York,3dddf7feb1,New York City
New York,3dddf7feb1,New York City
New York,3dddf7feb1,New York City
New York,3dddf7feb1,New York City
New York,3dddf7feb1,New York City
New York,3dddf7feb1,New York City
New York,3dddf7feb1,New York City
New York,3dddf7feb1,New York City
New York,3dddf7feb1,New York City
New York,3dddf7feb1,New York City
New York,3dddf7feb1,New York City
New York,3dddf7feb1,New York City
New York,3dddf7feb1,New York City
New York,3dddf7feb1,New York City
New York,3dddf7feb1,New York City
New York,3dddf7feb1,New York City
New York,3dddf7feb1,New York City
New York,3dddf7feb1,New York City
New York,3dddf7feb1,New York City
New York,3dddf7feb1,New York City
Kleinwalsertal,3f11e65538,Austria
SÃƒÂ£o Paulo - 05413,4a39dedf84,Sao Paulo
Budapest,4b1167e976,Hungary
Budapest,4b1167e976,Hungary
Budapest,4b1167e976,Hungary
Budapest,4b1167e976,Hungary
Budapest,4b1167e976,Hungary
Budapest,4b1167e976,Hungary
Rio de Janeiro - 22441,4d4605b59c,Rio de Janeiro
Ã…Â ibenik,4f6c538ccc,Croatia
Vejle,54f4949345,Denmark
Seoul,59f054fa5a,South Korea
Seoul,59f054fa5a,South Korea
Seoul,59f054fa5a,South Korea
Seoul,59f054fa5a,South Korea
Seoul,59f054fa5a,South Korea
Seoul,59f054fa5a,South Korea
Seoul,59f054fa5a,South Korea
Seoul,59f054fa5a,South Korea
Seoul,59f054fa5a,South Korea
Seoul,59f054fa5a,South Korea
Seoul,59f054fa5a,South Korea
Seoul,59f054fa5a,South Korea
Seoul,59f054fa5a,South Korea
Seoul,59f054fa5a,South Korea
Seoul,59f054fa5a,South Korea
Seoul,59f054fa5a,South Korea
Seoul,59f054fa5a,South Korea
Seoul,59f054fa5a,South Korea
Seoul,59f054fa5a,South Korea
Seoul,59f054fa5a,South Korea
Seoul,59f054fa5a,South Korea
Seoul,59f054fa5a,South Korea
Seoul,59f054fa5a,South Korea
Seoul,59f054fa5a,South Korea
Seoul,59f054fa5a,South Korea
Seoul,59f054fa5a,South Korea
Bangkok,5b7046f255,Thailand
Bangkok,5b7046f255,Thailand
Bangkok,5b7046f255,Thailand
Bangkok,5b7046f255,Thailand
Bangkok,5b7046f255,Thailand
Bangkok,5b7046f255,Thailand
Bangkok,5b7046f255,Thailand
Bangkok,5b7046f255,Thailand
Bangkok,5b7046f255,Thailand
Bangkok,5b7046f255,Thailand
Bangkok,5b7046f255,Thailand
Bangkok,5b7046f255,Thailand
Bangkok,5b7046f255,Thailand
Bangkok,5b7046f255,Thailand
Bangkok,5b7046f255,Thailand
Bangkok,5b7046f255,Thailand
Bangkok,5b7046f255,Thailand
Bangkok,5b7046f255,Thailand
Bangkok,5b7046f255,Thailand
Bangkok,5b7046f255,Thailand
Bangkok,5b7046f255,Thailand
Bangkok,5b7046f255,Thailand
Bangkok,5b7046f255,Thailand
Bangkok,5b7046f255,Thailand
Bangkok,5b7046f255,Thailand
Zagreb,5bd9be779c,Croatia
Taipei,5ffacf6c2d,Taipei
Taipei,5ffacf6c2d,Taipei
Taipei,5ffacf6c2d,Taipei
Taipei,5ffacf6c2d,Taipei
Taipei,5ffacf6c2d,Taipei
Taipei,5ffacf6c2d,Taipei
Taipei,5ffacf6c2d,Taipei
Taipei,5ffacf6c2d,Taipei
Taipei,5ffacf6c2d,Taipei
Taipei,5ffacf6c2d,Taipei
Taipei,5ffacf6c2d,Taipei
Taipei,5ffacf6c2d,Taipei
Taipei,5ffacf6c2d,Taipei
Taipei,5ffacf6c2d,Taipei
Taipei,5ffacf6c2d,Taipei
Taipei,5ffacf6c2d,Taipei
Taipei,5ffacf6c2d,Taipei
Taipei,5ffacf6c2d,Taipei
Taipei,5ffacf6c2d,Taipei
Taipei,5ffacf6c2d,Taipei
Taipei,5ffacf6c2d,Taipei
Taipei,5ffacf6c2d,Taipei
Taipei,5ffacf6c2d,Taipei
Taipei,5ffacf6c2d,Taipei
SÃƒÂ£o Paulo - 04531,606f1b162e,Sao Paulo
Hallwang,610b44bbeb,Austria
"Washington, D.C.",66829a57db,Washington DC
"Washington, D.C.",66829a57db,Washington DC
"Washington, D.C.",66829a57db,Washington DC
"Washington, D.C.",66829a57db,Washington DC
"Washington, D.C.",66829a57db,Washington DC
"Washington, D.C.",66829a57db,Washington DC
"Washington, D.C.",66829a57db,Washington DC
"Washington, D.C.",66829a57db,Washington DC
"Washington, D.C.",66829a57db,Washington DC
"Washington, D.C.",66829a57db,Washington DC
"Washington, D.C.",66829a57db,Washington DC
"Washington, D.C.",66829a57db,Washington DC
"Washington, D.C.",66829a57db,Washington DC
"Washington, D.C.",66829a57db,Washington DC
"Washington, D.C.",66829a57db,Washington DC
"Washington, D.C.",66829a57db,Washington DC
Dubrovnik,681dcf650e,Croatia
Henne,6d44dca65c,Denmark
Aarhus,7.577183E+063,Denmark
Aarhus,7.577183E+063,Denmark
Aarhus,7.577183E+063,Denmark
Aarhus,7.577183E+063,Denmark
Helsingfors / Helsinki,82fee71ab7,Finland
Helsingfors / Helsinki,82fee71ab7,Finland
Helsingfors / Helsinki,82fee71ab7,Finland
Helsingfors / Helsinki,82fee71ab7,Finland
Helsingfors / Helsinki,82fee71ab7,Finland
Helsingfors / Helsinki,82fee71ab7,Finland
SÃƒÂ£o Paulo - 01426,83115dd782,Sao Paulo
SÃƒÂ£o Paulo - 04538,88822974,Sao Paulo
Stavanger,8aa1c330f3,Norway
Stavanger,8aa1c330f3,Norway
VÃƒÂ¤xjÃƒÂ¶,8ff3c33746,Sweden
Praha,917858db69,Czech Republic
Praha,917858db69,Czech Republic
Los Angeles,96d0aa70fa,California
Los Angeles,96d0aa70fa,California
Los Angeles,96d0aa70fa,California
Los Angeles,96d0aa70fa,California
Los Angeles,96d0aa70fa,California
Los Angeles,96d0aa70fa,California
Los Angeles,96d0aa70fa,California
Los Angeles,96d0aa70fa,California
Los Angeles,96d0aa70fa,California
Los Angeles,96d0aa70fa,California
Los Angeles,96d0aa70fa,California
Los Angeles,96d0aa70fa,California
Los Angeles,96d0aa70fa,California
Los Angeles,96d0aa70fa,California
Los Angeles,96d0aa70fa,California
Los Angeles,96d0aa70fa,California
Los Angeles,96d0aa70fa,California
Los Angeles,96d0aa70fa,California
Los Angeles,96d0aa70fa,California
Los Angeles,96d0aa70fa,California
Los Angeles,96d0aa70fa,California
Los Angeles,96d0aa70fa,California
Los Angeles,96d0aa70fa,California
Los Angeles,96d0aa70fa,California
SÃƒÂ£o Paulo - 04509,98040e873b,Sao Paulo
JÃƒÂ¤rpen,98abcab13e,Sweden
Rovinj,9bb6c5b609,Croatia
Sacramento,a06f655f6a,California
MalmÃƒÂ¶,a0ac51e9f3,Sweden
MalmÃƒÂ¶,a0ac51e9f3,Sweden
MalmÃƒÂ¶,a0ac51e9f3,Sweden
SÃƒÂ£o Paulo - 05706,a70aaaec63,Sao Paulo
San Francisco,a70c3bcf1d,California
San Francisco,a70c3bcf1d,California
San Francisco,a70c3bcf1d,California
San Francisco,a70c3bcf1d,California
San Francisco,a70c3bcf1d,California
San Francisco,a70c3bcf1d,California
San Francisco,a70c3bcf1d,California
San Francisco,a70c3bcf1d,California
San Francisco,a70c3bcf1d,California
San Francisco,a70c3bcf1d,California
San Francisco,a70c3bcf1d,California
San Francisco,a70c3bcf1d,California
San Francisco,a70c3bcf1d,California
San Francisco,a70c3bcf1d,California
San Francisco,a70c3bcf1d,California
San Francisco,a70c3bcf1d,California
San Francisco,a70c3bcf1d,California
San Francisco,a70c3bcf1d,California
San Francisco,a70c3bcf1d,California
San Francisco,a70c3bcf1d,California
San Francisco,a70c3bcf1d,California
San Francisco,a70c3bcf1d,California
San Francisco,a70c3bcf1d,California
San Francisco,a70c3bcf1d,California
San Francisco,a70c3bcf1d,California
San Francisco,a70c3bcf1d,California
San Francisco,a70c3bcf1d,California
San Francisco,a70c3bcf1d,California
San Francisco,a70c3bcf1d,California
San Francisco,a70c3bcf1d,California
San Francisco,a70c3bcf1d,California
San Francisco,a70c3bcf1d,California
San Francisco,a70c3bcf1d,California
San Francisco,a70c3bcf1d,California
San Francisco,a70c3bcf1d,California
San Francisco,a70c3bcf1d,California
San Francisco,a70c3bcf1d,California
San Francisco,a70c3bcf1d,California
San Francisco,a70c3bcf1d,California
San Francisco,a70c3bcf1d,California
San Francisco,a70c3bcf1d,California
San Francisco,a70c3bcf1d,California
San Francisco,a70c3bcf1d,California
San Francisco,a70c3bcf1d,California
San Francisco,a70c3bcf1d,California
San Francisco,a70c3bcf1d,California
San Francisco,a70c3bcf1d,California
San Francisco,a70c3bcf1d,California
San Francisco,a70c3bcf1d,California
San Francisco,a70c3bcf1d,California
San Francisco,a70c3bcf1d,California
San Francisco,a70c3bcf1d,California
San Francisco,a70c3bcf1d,California
San Francisco,a70c3bcf1d,California
San Francisco,a70c3bcf1d,California
San Diego,acb3429164,California
SkÃƒÂ¥ne-TranÃƒÂ¥s,b178aa429c,Sweden
Oslo,bcc48172e0,Norway
Oslo,bcc48172e0,Norway
Oslo,bcc48172e0,Norway
Oslo,bcc48172e0,Norway
Phuket,c0b14b8d3c,Thailand
South San Francisco,c5411d5f8f,California
South San Francisco,c5411d5f8f,California
South San Francisco,c5411d5f8f,California
South San Francisco,c5411d5f8f,California
South San Francisco,c5411d5f8f,California
South San Francisco,c5411d5f8f,California
Stockholm,c62ff645db,Sweden
Stockholm,c62ff645db,Sweden
Stockholm,c62ff645db,Sweden
Stockholm,c62ff645db,Sweden
Stockholm,c62ff645db,Sweden
Stockholm,c62ff645db,Sweden
Stockholm,c62ff645db,Sweden
Stockholm,c62ff645db,Sweden
Stockholm,c62ff645db,Sweden
Stockholm,c62ff645db,Sweden
Warszawa,cba9c23b88,Poland
Warszawa,cba9c23b88,Poland
Salzburg,cbda9fb725,Austria
Salzburg,cbda9fb725,Austria
Salzburg,cbda9fb725,Austria
Salzburg,cbda9fb725,Austria
Wien,cffcdfd2a1,Austria
Wien,cffcdfd2a1,Austria
Wien,cffcdfd2a1,Austria
Wien,cffcdfd2a1,Austria
Wien,cffcdfd2a1,Austria
Wien,cffcdfd2a1,Austria
Wien,cffcdfd2a1,Austria
Wien,cffcdfd2a1,Austria
Wien,cffcdfd2a1,Austria
Wien,cffcdfd2a1,Austria
Wien,cffcdfd2a1,Austria
Wien,cffcdfd2a1,Austria
Wien,cffcdfd2a1,Austria
GÃƒÂ¶teborg,d44feb5919,Sweden
GÃƒÂ¶teborg,d44feb5919,Sweden
GÃƒÂ¶teborg,d44feb5919,Sweden
GÃƒÂ¶teborg,d44feb5919,Sweden
GÃƒÂ¶teborg,d44feb5919,Sweden
GÃƒÂ¶teborg,d44feb5919,Sweden
Macau,d887137dc2,Macau
Macau,d887137dc2,Macau
Macau,d887137dc2,Macau
Macau,d887137dc2,Macau
Macau,d887137dc2,Macau
Macau,d887137dc2,Macau
Macau,d887137dc2,Macau
Macau,d887137dc2,Macau
Macau,d887137dc2,Macau
Macau,d887137dc2,Macau
Macau,d887137dc2,Macau
Macau,d887137dc2,Macau
Macau,d887137dc2,Macau
Macau,d887137dc2,Macau
Macau,d887137dc2,Macau
Macau,d887137dc2,Macau
Macau,d887137dc2,Macau
Macau,d887137dc2,Macau
Macau,d887137dc2,Macau
Monterey,db8e72fbb7,California
Pedersker,dbbc19422b,Denmark
Lovran,e8fb28a29e,Croatia
PrÃƒÂ¦stÃƒÂ¸,ee0b96340f,Denmark
AthÃƒÂ­na,ee89dadcf6,Greece
AthÃƒÂ­na,ee89dadcf6,Greece
AthÃƒÂ­na,ee89dadcf6,Greece
AthÃƒÂ­na,ee89dadcf6,Greece
SÃƒÂ£o Paulo - 05416,f585b222c3,Sao Paulo
Rio de Janeiro - 22021,fecf29c66e,Rio de Janeiro
Rio de Janeiro - 22021,fecf29c66e,Rio de Janeiro
SÃƒÂ£o Paulo - 05415,ffd944faf7,Sao Paulo
SÃƒÂ£o Paulo - 05415,ffd944faf7,Sao Paulo
